<?xml version="1.0"?>
<doc>
    <assembly>
        <name>FlexSystem.UiServer.GetCptNo</name>
    </assembly>
    <members>
        <member name="T:FlexSystem.UiServer.SdfVersion">
            <summary>
            Sdf file format version
            </summary>
        </member>
        <member name="T:FlexSystem.UiServer.WindowInfo">
            <summary>
            Window form's general information
            </summary>
        </member>
        <member name="F:FlexSystem.UiServer.WindowInfo.FontList">
            <summary>
            Collection of font components
            </summary>
            <remarks>No use</remarks>
        </member>
        <member name="F:FlexSystem.UiServer.WindowInfo.BitmapList">
            <summary>
            Collection of bitmap components
            </summary>
            <remarks>No use</remarks>
        </member>
        <member name="F:FlexSystem.UiServer.WindowInfo.RsCount">
            <summary>
            Counter, to count the read no. of resources 
            </summary>
        </member>
        <member name="F:FlexSystem.UiServer.WindowInfo.RsNum">
            <summary>
            The total number of common resource
            </summary>
        </member>
        <member name="F:FlexSystem.UiServer.WindowInfo.RsStruct">
            <summary>
            All the resource's structure
            </summary>
        </member>
        <member name="F:FlexSystem.UiServer.WindowInfo.RsStringTable">
            <summary>
            The string table of resource
            </summary>
        </member>
        <member name="F:FlexSystem.UiServer.WindowInfo.ComponentCount">
            <summary>
            Counter, to count the read no. of components 
            </summary>
        </member>
        <member name="F:FlexSystem.UiServer.WindowInfo.ComponentNum">
            <summary>
            The total number of components
            </summary>
        </member>
        <member name="F:FlexSystem.UiServer.WindowInfo.ComponentStruct">
            <summary>
            All the component's structure
            </summary>
        </member>
        <member name="F:FlexSystem.UiServer.WindowInfo.CompStringTable">
            <summary>
            The string table of component
            </summary>
        </member>
        <member name="F:FlexSystem.UiServer.WindowInfo.StructPos">
            <summary>
            The read position in component or resource structure
            </summary>
        </member>
        <member name="F:FlexSystem.UiServer.WindowInfo.FirstOffset">
            <summary>
            The first component or resource offset 
            </summary>
        </member>
        <member name="F:FlexSystem.UiServer.WindowInfo.Version">
            <summary>
            The sdf version
            </summary>
        </member>
        <member name="T:FlexSystem.UiServer.SdfHeader">
            <summary>
            The header information of sdf file
            </summary>
        </member>
        <member name="F:FlexSystem.UiServer.SdfHeader.Version">
            <summary>
            The sdf version
            </summary>
        </member>
        <member name="F:FlexSystem.UiServer.SdfHeader.MessageNumber">
            <summary>
            The number of the messages
            </summary>
        </member>
        <member name="F:FlexSystem.UiServer.SdfHeader.IsCharMode">
            <summary>
            Indicate the unit of dimensioning
            </summary>
        </member>
        <member name="T:FlexSystem.UiServer.LetterCase">
            <summary>
            Letter case
            </summary>
        </member>
        <member name="F:FlexSystem.UiServer.LetterCase.Normal">
            <summary>
            Original letters
            </summary>
        </member>
        <member name="F:FlexSystem.UiServer.LetterCase.Upper">
            <summary>
            All letters are upper case
            </summary>
        </member>
        <member name="F:FlexSystem.UiServer.LetterCase.Lower">
            <summary>
            All letters are lower case
            </summary>
        </member>
        <member name="T:FlexSystem.UiServer.MdiChild">
            <summary>
            Form's information
            </summary>
        </member>
        <member name="F:FlexSystem.UiServer.MdiChild.Header">
            <summary>
            The header information of sdf file
            </summary>
        </member>
        <member name="F:FlexSystem.UiServer.MdiChild.GlobolCase">
            <summary>
            0 -- no globol state, 1 -- have globol state(follow CaseSensitive value)
            </summary>
        </member>
        <member name="F:FlexSystem.UiServer.MdiChild.CaseSensitive">
            <summary>
            false -- insensitive(default), true -- sensitive
            </summary>
        </member>
        <member name="F:FlexSystem.UiServer.MdiChild.LetterCase">
            <summary>
            0 -- normal, 1 -- upper, 2 -- lower(default)
            </summary>
        </member>
        <member name="F:FlexSystem.UiServer.MdiChild.CompList">
            <summary>
            Collection of components
            </summary>
        </member>
        <member name="F:FlexSystem.UiServer.MdiChild.MsgList">
            <summary>
            Collection of message component's name and it's content 
            </summary>
        </member>
        <member name="F:FlexSystem.UiServer.MdiChild.WindowType">
            <summary>
            Form's type
            </summary>
        </member>
        <member name="F:FlexSystem.UiServer.MdiChild.IsChangeLanguage">
            <summary>
            The language if be changed 
            </summary>
        </member>
        <member name="F:FlexSystem.UiServer.MdiChild.Language">
            <summary>
            Language 
            </summary>
        </member>
        <member name="F:FlexSystem.UiServer.MdiChild.CodePage">
            <summary>
            Code page of language
            </summary>
        </member>
        <member name="T:FlexSystem.UiServer.SdfParser">
            <summary>
            Read the .sdf file
            </summary>
        </member>
        <member name="M:FlexSystem.UiServer.SdfParser.OpenWindow(System.IO.BinaryReader,System.String)">
            <summary>
            Open the file
            </summary>
            <param name="br">The binary values of specify file</param>
            <param name="windowName">The form's name</param>
            <param name="windowInfo">The form's information</param>
            <returns></returns>
        </member>
        <member name="M:FlexSystem.UiServer.SdfParser.OpenWindow(System.String,System.String)">
            <summary>
            Open the window
            </summary>
            <param name="fileName">The specify file path, but not include extention</param>
            <param name="windowName">The form's name</param>
            <param name="windowInfo">The form's information</param>
            <returns></returns>
        </member>
        <member name="M:FlexSystem.UiServer.SdfParser.CloseWindow">
            <summary>
            Close the window
            </summary>
        </member>
        <member name="M:FlexSystem.UiServer.SdfParser.ReadSdfInRam(System.Byte[],FlexSystem.UiServer.UIType@,FlexSystem.UiServer.UIType@)">
            <summary>
            Read the object file's data and return the component structure, 
            component's ID and it's Parent ID
            </summary>
            <param name="component">The component structure</param>
            <param name="uiType">The component type</param>
            <param name="parentType">The component's parent type</param>
            <returns></returns>
        </member>
        <member name="M:FlexSystem.UiServer.SdfParser.GetSdfHeaderInfo(System.String,FlexSystem.UiServer.SdfHeader@)">
            <summary>
            Get .sdf file header 
            </summary>
            <param name="fileName"></param>
            <param name="headerInfo"></param>
            <returns></returns>
        </member>
        <member name="T:FlexSystem.UiServer.CommonDataType">
            <summary>
            The type of common data
            </summary>
        </member>
        <member name="F:FlexSystem.UiServer.CommonDataType.Column">
            <summary>
            Column
            </summary>
        </member>
        <member name="F:FlexSystem.UiServer.CommonDataType.Row">
            <summary>
            Row
            </summary>
            <remarks>Not use</remarks>
        </member>
        <member name="T:FlexSystem.UiServer.RECT">
            <summary>
            The structure defines the coordinates of the upper-left and lower-right corners of a rectangle
            </summary>
        </member>
        <member name="F:FlexSystem.UiServer.RECT.Left">
            <summary>
            Specifies the x-coordinate of the upper-left corner of the rectangle
            </summary>
        </member>
        <member name="F:FlexSystem.UiServer.RECT.Top">
            <summary>
            Specifies the y-coordinate of the upper-left corner of the rectangle
            </summary>
        </member>
        <member name="F:FlexSystem.UiServer.RECT.Right">
            <summary>
            Specifies the x-coordinate of the lower-right corner of the rectangle
            </summary>
        </member>
        <member name="F:FlexSystem.UiServer.RECT.Bottom">
            <summary>
            Specifies the y-coordinate of the lower-right corner of the rectangle
            </summary>
        </member>
        <member name="T:FlexSystem.UiServer.CommonData">
            <summary>
            Server common data structure
            </summary>
        </member>
        <member name="F:FlexSystem.UiServer.CommonData.Type">
            <summary>
            Column or row
            </summary>
        </member>
        <member name="F:FlexSystem.UiServer.CommonData.HostType">
            <summary>
            Host data type
            </summary>
        </member>
        <member name="F:FlexSystem.UiServer.CommonData.ID">
            <summary>
            ID
            </summary>
        </member>
        <member name="F:FlexSystem.UiServer.CommonData.Index">
            <summary>
            Index of column or row
            </summary>
        </member>
        <member name="F:FlexSystem.UiServer.CommonData.InputType">
            <summary>
            Input type
            </summary>
        </member>
        <member name="F:FlexSystem.UiServer.CommonData.BackDecimal">
            <summary>
            The back decimal for number mode
            </summary>
        </member>
        <member name="F:FlexSystem.UiServer.CommonData.GridColumnType">
            <summary>
            The column type of grid
            </summary>
        </member>
        <member name="F:FlexSystem.UiServer.CommonData.ParentID">
            <summary>
            ID of parent
            </summary>
        </member>
        <member name="F:FlexSystem.UiServer.CommonData.ParentType">
            <summary>
            Type of parent
            </summary>
        </member>
        <member name="F:FlexSystem.UiServer.CommonData.PageIndex">
            <summary>
            Index of page
            </summary>
        </member>
        <member name="F:FlexSystem.UiServer.CommonData.UserDefine">
            <summary>
            User define data
            </summary>    
        </member>
        <member name="F:FlexSystem.UiServer.CommonData.LetterCase">
            <summary>
            Letter case
            </summary>
        </member>
        <member name="F:FlexSystem.UiServer.CommonData.ProgramID">
            <summary>
            Program id
            </summary>
        </member>
        <member name="F:FlexSystem.UiServer.CommonData.LabelText">
            <summary>
            The caption text(column title) 
            </summary>
        </member>
        <member name="F:FlexSystem.UiServer.CommonData.FrontDecimal">
            <summary>
            The front decimal for number mode
            </summary>
        </member>
        <member name="F:FlexSystem.UiServer.CommonData.TextLength">
            <summary>
            The text length 
            </summary>
        </member>
        <member name="F:FlexSystem.UiServer.CommonData.LockMode">
            <summary>
            The lock status( 0 is unlock , 1 is lock)
            </summary>
        </member>
        <member name="F:FlexSystem.UiServer.CommonData.ColumnWidth">
            <summary>
            The column width
            </summary>
        </member>
        <member name="T:FlexSystem.UiServer.Component">
            <summary>
            Component structure
            </summary>
        </member>
        <member name="F:FlexSystem.UiServer.Component.CommonDataList">
            <summary>
            For extern use, e.g. can point to a group of data
            </summary>
        </member>
        <member name="F:FlexSystem.UiServer.Component.Rect">
            <summary>
            The component rectangle
            </summary>
        </member>
        <member name="F:FlexSystem.UiServer.Component.Coordinate">
            <summary>
            The component coordinate
            </summary>
        </member>
        <member name="F:FlexSystem.UiServer.Component.TabIndex">
            <summary>
            The tab index
            </summary>    
        </member>
        <member name="F:FlexSystem.UiServer.Component.TabStop">
            <summary>
            If tab stop
            </summary>
        </member>
        <member name="F:FlexSystem.UiServer.Component.IDIndex">
            <summary>
            The component's ID index
            </summary>
        </member>
        <member name="F:FlexSystem.UiServer.Component.ID">
            <summary>
            The component ID
            </summary>	    
        </member>
        <member name="F:FlexSystem.UiServer.Component.Type">
            <summary>
            The component type
            </summary>
        </member>
        <member name="F:FlexSystem.UiServer.Component.UserDefine">
            <summary>
            The user define data
            </summary>
        </member>
        <member name="F:FlexSystem.UiServer.Component.LabelText">
            <summary>
            The caption text
            </summary>	
        </member>
        <member name="F:FlexSystem.UiServer.Component.ProgramID">
            <summary>
            The program ID
            </summary>
        </member>
        <member name="F:FlexSystem.UiServer.Component.LetterCase">
            <summary>
            Letter case
            </summary>
        </member>
        <member name="F:FlexSystem.UiServer.Component.GridMode">
            <summary>
            The display mode of grid
            </summary>
        </member>
        <member name="T:FlexSystem.UiServer.ComponentList">
            <summary>
            Management all components by a list
            </summary>
        </member>
        <member name="T:FlexSystem.UiServer.DataInputMode">
            <summary>
            Data input mode 
            </summary>
        </member>
        <member name="F:FlexSystem.UiServer.DataInputMode.Unknown">
            <summary>
            Unknown
            </summary>
        </member>
        <member name="F:FlexSystem.UiServer.DataInputMode.Character">
            <summary>
            Normal string
            </summary>
        </member>
        <member name="F:FlexSystem.UiServer.DataInputMode.ShortNumber">
            <summary>
            Number
            </summary>
            <remarks>No use, LongNumber instead</remarks>
        </member>
        <member name="F:FlexSystem.UiServer.DataInputMode.LongNumber">
            <summary>
            Number
            </summary>
        </member>
        <member name="F:FlexSystem.UiServer.DataInputMode.Password">
            <summary>
            Password
            </summary>
        </member>
        <member name="F:FlexSystem.UiServer.DataInputMode.Mask">
            <summary>
            Mask
            </summary>
        </member>
        <member name="F:FlexSystem.UiServer.DataInputMode.Time">
            <summary>
            Time(no include date), for example HHMMSS
            </summary>
        </member>
        <member name="F:FlexSystem.UiServer.DataInputMode.Currency">
            <summary>
            Currency
            </summary>
        </member>
        <member name="F:FlexSystem.UiServer.DataInputMode.PRI">
            <summary>
            Period
            </summary>
        </member>
        <member name="F:FlexSystem.UiServer.DataInputMode.AC">
            <summary>
            A/C
            </summary>
        </member>
        <member name="F:FlexSystem.UiServer.DataInputMode.Date">
            <summary>
            Date(no include time), for example YYMMDD
            </summary>
        </member>
        <member name="F:FlexSystem.UiServer.DataInputMode.OptionYN">
            <summary>
            Option(Y/N)
            </summary>
        </member>
        <member name="F:FlexSystem.UiServer.DataInputMode.Separator">
            <summary>
            Separator
            </summary>
        </member>
        <member name="F:FlexSystem.UiServer.DataInputMode.Percentage">
            <summary>
            Percentage
            </summary>
        </member>
        <member name="F:FlexSystem.UiServer.DataInputMode.OptionYNB">
            <summary>
            Option(Y/N/B)
            </summary>
        </member>
        <member name="F:FlexSystem.UiServer.DataInputMode.Year">
            <summary>
            Year , Taiwan or Western mode
            </summary>
        </member>
        <member name="T:FlexSystem.UiServer.UIType">
            <summary>
            The type of component of user interface 
            </summary>
        </member>
        <member name="T:FlexSystem.UiServer.UIColor">
            <summary>
            Color structure for UI
            </summary>
        </member>
        <member name="T:FlexSystem.UiServer.UICommon">
            <summary>
            The component's common structure
            </summary>
        </member>
        <member name="F:FlexSystem.UiServer.UICommon.NameOffset">
            <summary>
            Control ID offset in component string table
            </summary>
        </member>
        <member name="F:FlexSystem.UiServer.UICommon.ParentNameOffset">
            <summary>
            Used to store the offset to the host data type and 
            user define string relative to the string table 
            </summary>
        </member>
        <member name="F:FlexSystem.UiServer.UICommon.CaptionOffset">
            <summary>
            Label text offset in component string table
            </summary>
        </member>
        <member name="T:FlexSystem.UiServer.ControlDataType">
            <summary>
            The type of control property
            </summary>
        </member>
        <member name="F:FlexSystem.UiServer.ControlDataType.Unknown">
            <summary>
            Unknown
            </summary>
        </member>
        <member name="F:FlexSystem.UiServer.ControlDataType.GridMode">
            <summary>
            The grid mode(the value is 0--Normal, 1--Display Mode, 2--Data Grid Mode) 
            </summary>
        </member>
        <member name="F:FlexSystem.UiServer.ControlDataType.Caption">
            <summary>
            The control or column caption(the value is string)
            </summary>
        </member>
        <member name="F:FlexSystem.UiServer.ControlDataType.FrontDec">
            <summary>
            The front-decimal(the value is Int32 number)   
            </summary>
        </member>
        <member name="F:FlexSystem.UiServer.ControlDataType.TextLength">
            <summary>
            The text length(the value is Int32 number) 
            </summary>
        </member>
        <member name="F:FlexSystem.UiServer.ControlDataType.LockMode">
            <summary>
            The lock mode(the value is 0-Unlock, 1-Lock)
            </summary>
        </member>
        <member name="F:FlexSystem.UiServer.ControlDataType.ColumnWidth">
            <summary>
            The column width(the value is Int32 number)
            </summary>
        </member>
        <member name="T:FlexSystem.UiServer.BitOption">
            <summary>
            Define constant for control's bit options
            </summary>
        </member>
        <member name="T:FlexSystem.UiServer.ErrorCode">
            <summary>
            Error code
            </summary>
        </member>
        <member name="F:FlexSystem.UiServer.SdfConfig.SysRTFmode">
            <summary>
            To indicate override which EditBox's text length.
            The value is 0, 2, 3 or 4. 
            0 : No need override
            2 : Override the text length of EditBox that the EditMultiline is 2 
            3 : Override the text length of EditBox that the EditMultiline is 3
            4 : Override the text length of EditBox that the EditMultiline is 2 or 3
            </summary>
        </member>
        <member name="F:FlexSystem.UiServer.SdfConfig.SysRTFsizeMax">
            <summary>
            The maximum text length to override the original text length of component
            </summary>
        </member>
        <member name="T:FlexSystem.UiServer.SdfReader">
            <summary>
            To read ".SDF" file information
            </summary>
        </member>
        <member name="M:FlexSystem.UiServer.SdfReader.GetControlIndex(System.String,FlexSystem.UiServer.MdiChild)">
            <summary>
            Get the control index by control name 
            </summary>
            <param name="idName">control name</param>
            <param name="mdi"></param>
            <returns></returns>
            <remarks>Search in Messge List and Component List</remarks>
        </member>
        <member name="M:FlexSystem.UiServer.SdfReader.GetControlID(System.Int32,FlexSystem.UiServer.MdiChild,FlexSystem.UiServer.Component@)">
            <summary>
            Get the control name by control index 
            </summary>
            <param name="idIndex">control index</param>
            <param name="mdi"></param>
            <param name="comp"></param>
            <returns></returns>
            <remarks>Search in Messge List and Component List</remarks>
        </member>
        <member name="M:FlexSystem.UiServer.SdfReader.CreateComponentList(FlexSystem.UiServer.MdiChild,FlexSystem.UiServer.SdfParser,System.String,System.String)">
            <summary>
            Built the component 
            </summary>
        </member>
        <member name="M:FlexSystem.UiServer.SdfReader.RetriveID(System.String,System.String,System.String@,System.String@)">
            <summary>
            Check the 'idName' is normal control ID or is the 'idName[colIDName]' expression;
            If it is expression, get the original control ID and column ID
            </summary>
            <param name="idName">The input control ID</param>
            <param name="colIDName">The input column ID</param>
            <param name="outIdName">The output control ID. 
            If the 'idName' is normal control ID, set it is the'idName'
            </param>
            <param name="outColIDName">The output column ID.
            If the 'idName' is normal control ID, set it is the 'colIDName'
            </param>
            <returns></returns>
        </member>
        <member name="M:FlexSystem.UiServer.SdfReader.OpenSourceFileExByLanguage(System.String,System.String,System.Int32[],System.Int32,System.Int32,System.Boolean,System.String)">
            <summary>
            Open a form window from a ".SDF" file
            </summary>
            <param name="fileName">File name of the sdf file</param>
            <param name="windowName">Main (form) window name</param>
            <param name="mode">
            Array of integer to hold a list of additional setup information. 
            The current setting is 1 where cell 1 is for case-sensitivity.
            mode = 0 : use SDF case-sensitivity setting.
                   1 : case-sensitive
                   2 : case-insensitive (in lower case)
                   3 : case-insensitive (in upper case)
            if mode = 0 and SDF has no setting, then the default is case-insensitive in lower case form
            </param>
            <param name="modeCount">Number of cell count of mode array</param>
            <param name="codePage">Code page of language, "GB" is 936, "B5" is 950</param>
            <param name="isDefaultLanguage">If use default language</param>
            <param name="language">The language of resource(message), e.g "GB", "B5"--Big 5, "EG"--English</param>
            <returns>If succeed, return non-zero handle; when failed, return zero.</returns>
        </member>
        <member name="M:FlexSystem.UiServer.SdfReader.OpenSourceFileByLanguage(System.String,System.String,System.Int32,System.Boolean,System.String)">
            <summary>
            Open a form window from a ".SDF" file
            </summary>
            <param name="fileName">File name of the sdf file</param>
            <param name="windowName">Main (form) window name</param>
            <param name="codePage">Code page of language</param>
            <param name="isDefaultLanguage">If use default language</param>
            <param name="language">The language of resource(message)</param>
            <returns>If succeed, return non-zero handle; when failed, return zero.</returns>
        </member>
        <member name="M:FlexSystem.UiServer.SdfReader.OpenSourceFile(System.String,System.String)">
            <summary>
            Open a form window from a ".SDF" file
            </summary>
            <param name="fileName">File name of the sdf file</param>
            <param name="windowName">Main (form) window name</param>
            <returns>If succeed, return non-zero handle; when failed, return zero.</returns>
        </member>
        <member name="M:FlexSystem.UiServer.SdfReader.OpenSourceFileEx(System.String,System.String,System.Int32[],System.Int32)">
            <summary>
            Open a form window from a ".SDF" file
            </summary>
            <param name="fileName">File name of the sdf file</param>
            <param name="windowName">Main (form) window name</param>
            <param name="mode">
            Array of integer to hold a list of additional setup information. 
            The current setting is 1 where cell 1 is for case-sensitivity.
            mode = 0 : use SDF case-sensitivity setting.
                   1 : case-sensitive
                   2 : case-insensitive (in lower case)
                   3 : case-insensitive (in upper case)
            if mode = 0 and SDF has no setting, then the default is case-insensitive in lower case form
            </param>
            <param name="modeCount">Number of cell count of mode array</param>
            <returns>If succeed, return non-zero handle; when failed, return zero.</returns>
        </member>
        <member name="M:FlexSystem.UiServer.SdfReader.CloseSourceFile(System.IntPtr)">
            <summary>
            Close a file and its resources
            </summary>
            <param name="handle">Handle of the source file</param>
            <returns></returns>
        </member>
        <member name="M:FlexSystem.UiServer.SdfReader.SetCodePage(System.Int32)">
            <summary>
            Change the globally current codepage used 
            </summary>
            <param name="codePage">Code page</param>
        </member>
        <member name="M:FlexSystem.UiServer.SdfReader.SetLanguage(System.Boolean,System.String)">
             <summary>
             Change the globally current linguistic resource text to use
             </summary>
             <param name="isDefault">
             true use the specified language to load form texts;
             false use the default language.
            </param>
             <param name="language">The specified language</param>
        </member>
        <member name="M:FlexSystem.UiServer.SdfReader.GetSdfAllFormName(System.String)">
            <summary>
            Get all the window form names in a SDF file
            </summary>
            <param name="fileName">File name of the sdf file</param>
            <returns>Form names in the SDF.</returns>
        </member>
        <member name="M:FlexSystem.UiServer.SdfReader.GetSdfAllFormComponentName(System.String,System.String)">
            <summary>
            Get all the (standard control) component IDs of a form window inside a SDF file
            </summary>
            <param name="fileName">File name of the sdf file</param>
            <param name="windowName">Main (form) window name</param>
            <returns>Component IDs of a form window inside a SDF file.</returns>
        </member>
        <member name="M:FlexSystem.UiServer.SdfReader.GetSdfAllFormComponentNameEx(System.String,System.String,System.UInt32)">
            <summary>
            Get all the component IDs of a form window inside a SDF file: standard controls and extra-control type
            </summary>
            <param name="fileName">File name of the sdf file</param>
            <param name="windowName">Main (form) window name</param>
            <param name="option">use bits to indicate the additional control types</param>
            <returns>Component IDs of a form window inside a SDF file.</returns>
            <remarks> This is a supper function of GetSdfAllFormComponentName()  
            to get more component names of a window form in a SDF file.An extra argument "option" is 
            added to indicate the control types (in additional to the standard controls).
            If option = 0, then this function is the same as GetSdfAllFormComponentName(). 
            And the controls MUST be visible and enabled; otherwise, they will be NOT included.</remarks>
        </member>
        <member name="M:FlexSystem.UiServer.SdfReader.GetDllVersion">
            <summary>
            Retrieve the DLL version
            </summary>
            <returns>The DLL version.</returns>
        </member>
        <member name="M:FlexSystem.UiServer.SdfReader.GetControlIndexByTabIndex(System.IntPtr,System.Int32)">
            <summary>
            Get the control index with the control tab index
            </summary>
            <param name="handle">Handle of the source file</param>
            <param name="tabIndex">The control tab index</param>
            <returns>If succeed, return the index of the control; when failed, return -1.</returns>
        </member>
        <member name="M:FlexSystem.UiServer.SdfReader.GetControlIndex(System.IntPtr,System.String,System.String)">
            <summary>
            Get the control index with the control ID
            </summary>
            <param name="handle">Handle of the source file</param>
            <param name="idName">Control ID of the control</param>
            <param name="subFormId">Not use</param>
            <returns>If succeed, return the index of the control; otherwise, it returns -1.</returns>
        </member>
        <member name="M:FlexSystem.UiServer.SdfReader.GetControlIndexEx(System.IntPtr,System.String,System.String,System.Int32,System.String)">
            <summary>
            Get the column index of a multiple entry control with the column ID
            </summary>
            <param name="handle">Handle of the source file</param>
            <param name="idName">Control ID</param>
            <param name="colIDName">Column ID, if set it to null, 
            this implies to get the multiple-entry control's control index.
            </param>
            <param name="type">Not use; must be zero</param>
            <param name="subFormId">Not use</param>
            <returns>If succeed, return the index of the control; otherwise, it returns -1.</returns>
        </member>
        <member name="M:FlexSystem.UiServer.SdfReader.GetControlId(System.IntPtr,System.Int32,System.String)">
            <summary>
            Get the control ID with the control index
            </summary>
            <param name="handle">Handle of the source file</param>
            <param name="idIndex">Control index</param>
            <param name="subFormId">Not use</param>
            <returns>The control Id name.</returns>
        </member>
        <member name="M:FlexSystem.UiServer.SdfReader.GetControlIdEx(System.IntPtr,System.Int32,System.Int32,System.Int32,System.String)">
            <summary>
            Get the control ID or column ID of a control
            </summary>
            <param name="handle">Handle of the source file</param>
            <param name="idIndex">Control index</param>
            <param name="colIndex">Column index</param>
            <param name="type">Not use; must be zero</param>
            <param name="subFormId">Not use</param>
            <returns>The control Id name.</returns>
        </member>
        <member name="M:FlexSystem.UiServer.SdfReader.GetUserDefineByIndex(System.IntPtr,System.Int32,System.Int32,System.Int32)">
            <summary>
            Get the user define with the column index 
            </summary>
            <param name="handle">Handle of the source file</param>
            <param name="idIndex">Control index</param>
            <param name="colIndex">Column index</param>
            <param name="type">Not use; must be zero</param>
            <returns>The user define text.</returns>
        </member>
        <member name="M:FlexSystem.UiServer.SdfReader.GetUserDefineById(System.IntPtr,System.String,System.String,System.Int32)">
            <summary>
            Get the user define with the column ID 
            </summary>
            <param name="handle">Handle of the source file</param>
            <param name="idName">Control ID</param>
            <param name="colIDName">Column ID, if set it to null, 
            this implies to get the multiple-entry control's user define.
            </param>
            <param name="type">Not use; must be zero</param>
            <returns>The user define text.</returns>
        </member>
        <member name="M:FlexSystem.UiServer.SdfReader.GetHostDataTypeByIndex(System.IntPtr,System.Int32,System.Int32,System.Int32,System.String)">
            <summary>
            Get the host-data-type with the control index
            </summary>
            <param name="handle">Handle of the source file</param>
            <param name="idIndex">Control index</param>
            <param name="colIndex">Column index</param>
            <param name="type">Not use; must be zero</param>
            <param name="subFormId">Not use</param>
            <returns>If succeed, return the Host Data Type value of the control; when failed, return -1</returns>
        </member>
        <member name="M:FlexSystem.UiServer.SdfReader.GetHostDataTypeById(System.IntPtr,System.String,System.String,System.Int32,System.String)">
            <summary>
            Get the host-data-type with control ID
            </summary>
            <param name="handle">Handle of the source file</param>
            <param name="idName">Control ID</param>
            <param name="colIDName">Column ID, if set it to null, 
            this implies to get the multiple-entry control's host-data-type.
            </param>
            <param name="type">Not use; must be zero</param>
            <param name="subFormId">Not use</param>
            <returns>If succeed, return the Host Data Type value of the control; when failed, return -1</returns>
        </member>
        <member name="M:FlexSystem.UiServer.SdfReader.GetControlIdTextLength(System.IntPtr,System.Int32,System.String)">
            <summary>
            Get the length of the control ID with the control index
            </summary>
            <param name="handle">Handle of the source file</param>
            <param name="idIndex">Control index</param>
            <param name="subFormId">Not use</param>
            <returns>If succeed, return the length of the control ID;when failed, return zero.</returns>
        </member>
        <member name="M:FlexSystem.UiServer.SdfReader.GetControlType(System.IntPtr,System.Int32,System.String)">
            <summary>
            Determine the control type with the control index
            </summary>
            <param name="handle">Handle of the source file</param>
            <param name="idIndex">Control index</param>
            <param name="subFormId">Not use</param>
            <returns>If succeed, return the type of the control; when failed, return zero</returns>
        </member>
        <member name="M:FlexSystem.UiServer.SdfReader.GetWndType(System.IntPtr,System.String)">
            <summary>
            Get form's type
            </summary>
            <param name="handle">Handle of the source file</param>
            <param name="subFormId">Not use</param>
            <returns>If succeed, return the window type of a form window; when failed, return zero</returns>
        </member>
        <member name="M:FlexSystem.UiServer.SdfReader.GetControlIdByUserDefine(System.IntPtr,System.String,System.String)">
            <summary>
            Determine the control ID with the user-define 
            </summary>
            <param name="handle">Handle of the source file</param>
            <param name="userDefine">User define data</param>
            <param name="subFormId">Not use</param>
            <returns>The control ID.</returns>
        </member>
        <member name="M:FlexSystem.UiServer.SdfReader.GetControlIdByColId(System.IntPtr,System.String,System.String)">
            <summary>
             Determine the control ID with the column ID 
            </summary>
            <param name="handle">Handle of the source file</param>
            <param name="colID">Column ID, can set it to null</param>
            <param name="subFormId">Not use</param>
            <returns>The control ID.</returns>
        </member>
        <member name="M:FlexSystem.UiServer.SdfReader.GetInputModeByIndex(System.IntPtr,System.Int32,System.Int32,System.Int32,System.String)">
            <summary>
            Determine the input mode of a control with the control index
            </summary>
            <param name="handle">Handle of the source file</param>
            <param name="idIndex">Control index</param>
            <param name="colIndex">Column index</param>
            <param name="type">Not use; must be zero</param>
            <param name="subFormId">Not use</param>
            <returns>If succeed, return the input mode value of the control; when failed, return -1</returns>
        </member>
        <member name="M:FlexSystem.UiServer.SdfReader.GetInputModeById(System.IntPtr,System.String,System.String,System.Int32,System.String)">
            <summary>
            Determine the input mode of a control with the control ID
            </summary>
            <param name="handle">Handle of the source file</param>
            <param name="idName">Control ID</param>
            <param name="colIDName">Column ID, if set it to null, 
            this implies to get the multiple-entry control's input mode.
            </param>
            <param name="type">Not use; must be zero</param>
            <param name="subFormId">Not use</param>
            <returns>If succeed, return the input mode value of the control; when failed, return -1</returns>
        </member>
        <member name="M:FlexSystem.UiServer.SdfReader.GetInputModeByIndexEx(System.IntPtr,System.Int32,System.Int32,System.Int32,System.Int32,System.String)">
            <summary>
            Determine the input mode (mode-type:7 or 9) of a control with the control index
            </summary>
            <param name="handle">Handle of the source file</param>
            <param name="idIndex">Control index</param>
            <param name="colIndex">Column index</param>
            <param name="type">Not use; must be zero</param>
            <param name="modeType">To specify mode type of which the mode-value to be retrieve</param>       
            <param name="subFormId">Not use</param>
            <returns>If succeed, return the input mode value of the control; when failed, return -1</returns>
            <remarks>This extended function will be extended to other mode-types in the future.
            In this version, ModeType supports either 7 or 9.
            For edit-box, edit-but or list-view, ModeType is 7 and is sufficient to know the data type.
            However, for a grid, you have to know what column mode (mode-type is 9) is. 
            Gird's column modes include check box, button and normal input modes.
            If a column is in normal input mode, then you may use data input mode (mode-type is 7) to 
            obtain the data type of the column.
            </remarks>
        </member>
        <member name="M:FlexSystem.UiServer.SdfReader.GetInputModeByIdEx(System.IntPtr,System.String,System.String,System.Int32,System.Int32,System.String)">
            <summary>
            Determine the input mode (mode-type:7 or 9) of a control with the control ID
            </summary>
            <param name="handle">Handle of the source file</param>
            <param name="idName">Control ID</param>
            <param name="colIDName">Column ID, if set it to null, 
            this implies to get the multiple-entry control's input mode.
            </param>
            <param name="type">Not use; must be zero</param>
            <param name="modeType">To specify mode type of which the mode-value to be retrieve</param>
            <param name="subFormId">Not use</param>
            <returns>If succeed, return the input mode value of the control; when failed, return -1</returns>
        </member>
        <member name="M:FlexSystem.UiServer.SdfReader.GetGridColumnCount(System.IntPtr,System.String)">
            <summary>
            Get the count of columns of grid control with the control ID
            </summary>
            <param name="handle">Handle of the source file</param>
            <param name="gridID">Grid control ID</param>
            <returns>If succeed, return the count of columns; when failed, return -1</returns>
        </member>
        <member name="M:FlexSystem.UiServer.SdfReader.GetGroupComponent(System.IntPtr,System.Int32,System.Int32)">
            <summary>
            Get all radio button ID
            </summary>
            <param name="handle">Handle of the source file</param>
            <param name="idIndex">Control index</param>
            <param name="type">Not use; must be zero</param>
            <returns>Radio button index.</returns>
        </member>
        <member name="M:FlexSystem.UiServer.SdfReader.GetBackDecByIndex(System.IntPtr,System.Int32,System.Int32,System.Int32,System.String)">
            <summary>
            Get the back-decimal or decimal point of a control with the control index
            </summary>
            <param name="handle">Handle of the source file</param>
            <param name="idIndex">Control index</param>
            <param name="colIndex">Column index</param>
            <param name="type">Not use; must be zero</param>
            <param name="subFormId">Not use</param>
            <returns>If succeed, return the back decimal place value of the specified control; when failed, return -1</returns>
            <remarks>Only for grid column or list view column control</remarks>
        </member>
        <member name="M:FlexSystem.UiServer.SdfReader.GetBackDecById(System.IntPtr,System.String,System.String,System.Int32,System.String)">
            <summary>
            Get the back-decimal or decimal point of a control with the control ID
            </summary>
            <param name="handle">Handle of the source file</param>
            <param name="idName">Control ID</param>
            <param name="colIDName">Column ID, if set it to null, 
            this implies to get the multiple-entry control's back decimal.
            </param>
            <param name="type">Not use; must be zero</param>
            <param name="subFormId">Not use</param>
            <returns>If succeed, return the back decimal place value of the specified control; when failed, return -1</returns>
            <remarks>Only for grid column or list view column control</remarks>
        </member>
        <member name="M:FlexSystem.UiServer.SdfReader.GetMsgTextById(System.IntPtr,System.String)">
            <summary>
            Use the message ID to get the message-text
            </summary>
            <param name="handle">Handle of the source file</param>
            <param name="idName">Control ID</param>
            <returns>Message text.</returns>
        </member>
        <member name="M:FlexSystem.UiServer.SdfReader.GetMsgTextByIndex(System.IntPtr,System.Int32)">
            <summary>
             Use the control ID to get the message-text
            </summary>
            <param name="handle">Handle of the source file</param>
            <param name="idIndex">Control index</param>
            <returns>Message text.</returns>
        </member>
        <member name="M:FlexSystem.UiServer.SdfReader.GetFormatMsgTextByIndex(System.IntPtr,System.Int32,System.Object[])">
            <summary>
             Use the control index to get the formatted message text
            </summary>
            <param name="handle">Handle of the source file</param>
            <param name="idIndex">Control index</param>
            <param name="inputData">Input data for the '_' placeholder.</param>
            <returns>Message text.</returns>
        </member>
        <member name="M:FlexSystem.UiServer.SdfReader.GetFormatMsgTextById(System.IntPtr,System.String,System.Object[])">
            <summary>
            Use the message ID to get the formatted message text
            </summary>
            <param name="handle">Handle of the source file</param>
            <param name="idName">Control ID</param>
            <param name="inputData">Input data for the '_' placeholder.</param>
            <returns>Message text.</returns>
        </member>
        <member name="M:FlexSystem.UiServer.SdfReader.GetControlSizeById(System.IntPtr,System.String,FlexSystem.UiServer.RECT@)">
            <summary>
            Get the control size (rect) by control ID
            </summary>
            <param name="handle">Handle of the source file</param>
            <param name="idName">Control ID</param>
            <param name="buffer">Buffer to contain the RECT of control</param>
            <returns>If succeed, return true; when failed, return false.</returns>
        </member>
        <member name="M:FlexSystem.UiServer.SdfReader.GetControlSizeByIndex(System.IntPtr,System.Int32,FlexSystem.UiServer.RECT@)">
            <summary>
            Get the control size (rect) by control index
            </summary>
            <param name="handle">Handle of the source file</param>
            <param name="idIndex">Control index</param>
            <param name="buffer">Buffer to contain the RECT of control</param>
            <returns>If succeed, return true; when failed, return false.</returns>
        </member>
        <member name="M:FlexSystem.UiServer.SdfReader.GetFirstItemIndex(System.IntPtr,System.UInt16@,System.Byte@)">
            <summary>
             Get the first (including invisible or disable) input control of a form window
            </summary>
            <param name="handle">Handle of the source file</param>
            <param name="idIndex">[out] Control index</param>
            <param name="itemType">[out] Component type</param>
            <returns>If succeed, return 1; when failed, return 0.</returns>
        </member>
        <member name="M:FlexSystem.UiServer.SdfReader.GetNextItemIndex(System.IntPtr,System.UInt16@,System.Byte@)">
            <summary>
            Get the next (including invisible or disable) input control of a form window
            </summary>
            <param name="handle">Handle of the source file</param>
            <param name="idIndex">[in/out] Control index</param>
            <param name="itemType">[out] Component type</param>
            <returns>If succeed, return 1; when failed, return 0.</returns>
        </member>
        <member name="M:FlexSystem.UiServer.SdfReader.GetLetterCaseById(System.IntPtr,System.String,System.String,System.Int32)">
            <summary>
             Get the letter case with the control ID
            </summary>
            <param name="handle">Handle of the source file</param>
            <param name="idName">Control ID</param>
            <param name="colIDName">Column ID, if set it to null, 
            this implies to get the multiple-entry control's letter case.
            </param>
            <param name="type">Not use; must be zero</param>
            <returns>The letter case.</returns>
        </member>
        <member name="M:FlexSystem.UiServer.SdfReader.GetLetterCaseByIndex(System.IntPtr,System.Int32,System.Int32,System.Int32)">
            <summary>
            Get the letter case with the control index  
            </summary>
            <param name="handle">Handle of the source file</param>
            <param name="idIndex">Control index</param>
            <param name="colIndex">Column index</param>
            <param name="type">Not use; must be zero</param>
            <returns>The letter case.</returns>
        </member>
        <member name="M:FlexSystem.UiServer.SdfReader.GetProgramNameById(System.IntPtr,System.String,System.String,System.Int32)">
            <summary>
            Get the program name with the control ID
            </summary>
            <param name="handle">Handle of the source file</param>
            <param name="idName">Control ID</param>
            <param name="colIDName">Column ID, if set it to null, 
            this implies to get the multiple-entry control's programe name.
            </param>
            <param name="type">Not use; must be zero</param>
            <returns>The programe name.</returns>
        </member>
        <member name="M:FlexSystem.UiServer.SdfReader.GetProgramNameByIndex(System.IntPtr,System.Int32,System.Int32,System.Int32)">
            <summary>
            Get the program name with the control index
            </summary>
            <param name="handle">Handle of the source file</param>
            <param name="idIndex">Control index</param>
            <param name="colIndex">Column index</param>
            <param name="type">Not use; must be zero</param>
            <returns>The programe name.</returns>
        </member>
        <member name="M:FlexSystem.UiServer.SdfReader.GetCaptionTextById(System.IntPtr,System.String,System.String,System.Int32)">
             <summary>
             Get the caption with the control ID
             </summary>
             <param name="handle">Handle of the source file</param>
             <param name="idName">
             Control ID. support the expression 'idName[colIDName]' to get the column caption
             </param>
             <param name="colIDName">Column ID to get the column caption(title)
             <remarks>Before Jan-19-2017, it is not use</remarks>
             </param>
             <param name="type">Not use; must be zero</param>
             <returns>The caption text.</returns>
             <example>
             int[] mode = new int[1];
             mode[0] = 1;
             SdfReader sdfReader = new SdfReader();
             IntPtr hFile = sdfReader.OpenSourceFileExByLanguage(@"SE01GR", "GRNEntry", mode, mode.Length, 950, false, "B5");
            
             //Get grid column title in Method 1
             string gridName = "G_GRN_ItemChargeDetails";
             string colName = "G_GRNItem_PONum";
             string colTitle = sdfReader.GetCaptionTextById(hFile, gridName, colName, 0);
             
             //Get grid column title in Method 2
             string gridColName = "G_GRN_ItemChargeDetails[G_GRNItem_PONum]";
             colTitle = sdfReader.GetCaptionTextById(hFile, gridColName, null, 0);
             </example>
        </member>
        <member name="M:FlexSystem.UiServer.SdfReader.GetCaptionTextByIndex(System.IntPtr,System.Int32,System.Int32,System.Int32)">
            <summary>
            Get the caption with the control index
            </summary>
            <param name="handle">Handle of the source file</param>
            <param name="idIndex">Control index</param>
            <param name="colIndex">Column index to get the column caption(title).
            <remarks>Before Jan-19-2017, it is not use</remarks>
            </param>
            <param name="type">Not use; must be zero </param>
            <returns>The caption text.</returns>
        </member>
        <member name="M:FlexSystem.UiServer.SdfReader.GetWindowCaption(System.IntPtr)">
            <summary>
            Get the caption of main window
            </summary>
            <param name="handle">Handle of the source file</param>
            <returns>The caption text.</returns>
        </member>
        <member name="M:FlexSystem.UiServer.SdfReader.GetGroupComponentEx(System.IntPtr,System.Int32,System.String[]@,System.String[]@)">
            <summary>
            Get all specify control captions
            </summary>
            <param name="handle">Handle of the source file</param>
            <param name="type">The specify control.The range is from 1 to 39
            For example, the control is label, the type value will be 13</param>
            <param name="idNames">The collection of control IDs </param>
            <param name="datas">The collection of control captions </param>
            <returns>The total count of control caption</returns>
        </member>
        <member name="M:FlexSystem.UiServer.SdfReader.GetDataById(System.IntPtr,System.String,System.String,FlexSystem.UiServer.ControlDataType)">
            <summary>
             Get the property data with the control ID
            </summary>
            <param name="handle">Handle of the source file</param>
            <param name="idName">Control ID</param>
            <param name="colIDName">Column ID, can set null</param>
            <param name="dataType">The type of column data</param>
            <returns>The data of specify column property; If cannot find the control, return default value</returns>
        </member>
        <member name="M:FlexSystem.UiServer.SdfReader.GetDataByIndex(System.IntPtr,System.Int32,System.Int32,FlexSystem.UiServer.ControlDataType)">
            <summary>
            Get the property data with the control index  
            </summary>
            <param name="handle">Handle of the source file</param>
            <param name="idIndex">Control index</param>
            <param name="colIndex">Column index, can set 0</param>
            <param name="dataType">The type of column data</param>
            <returns>The data of specify column property; If cannot find the control, rturn default value</returns>
        </member>
        <member name="M:FlexSystem.UiServer.SdfReader.GetFrontDecById(System.IntPtr,System.String,System.String,System.Int32)">
            <summary>
            Get the front-decimal of a control with the control ID
            </summary>
            <param name="handle">Handle of the source file</param>
            <param name="idName">Control ID</param>
            <param name="colIDName">Column ID</param>
            <param name="type">Not use; must be zero</param>
            <returns>If succeed, return the front decimal place value of the specified control; when failed, return -1</returns>
            <remarks>Only for grid column or list view column control</remarks>
        </member>
        <member name="M:FlexSystem.UiServer.SdfReader.GetFrontDecByIndex(System.IntPtr,System.Int32,System.Int32,System.Int32)">
            <summary>
            Get the front-decimal of a control with the control index
            </summary>
            <param name="handle">Handle of the source file</param>
            <param name="idIndex">Control index</param>
            <param name="colIndex">Column index</param>
            <param name="type">Not use; must be zero</param>
            <returns>If succeed, return the front decimal place value of the specified control; when failed, return -1</returns>
            <remarks>Only for grid column or list view column control</remarks>
        </member>
        <member name="M:FlexSystem.UiServer.SdfReader.GetTextLengthById(System.IntPtr,System.String,System.String,System.Int32)">
            <summary>
            Get the text length of a control with the control ID
            </summary>
            <param name="handle">Handle of the source file</param>
            <param name="idName">Control ID</param>
            <param name="colIDName">Column ID</param>
            <param name="type">Not use; must be zero</param>
            <returns>If succeed, return the text length value of the specified control; when failed, return -1</returns>
            <remarks>Only for grid column or list view column control</remarks>
        </member>
        <member name="M:FlexSystem.UiServer.SdfReader.GetTextLengthByIndex(System.IntPtr,System.Int32,System.Int32,System.Int32)">
            <summary>
            Get the text length of a control with the control index
            </summary>
            <param name="handle">Handle of the source file</param>
            <param name="idIndex">Control index</param>
            <param name="colIndex">Column index</param>
            <param name="type">Not use; must be zero</param>
            <returns>If succeed, return the text length value of the specified control; when failed, return -1</returns>
            <remarks>Only for grid column or list view column control</remarks>
        </member>
        <member name="M:FlexSystem.UiServer.SdfReader.GetLockModeById(System.IntPtr,System.String,System.String,System.Int32)">
            <summary>
            Get the lock status of a control with the control ID
            </summary>
            <param name="handle">Handle of the source file</param>
            <param name="idName">Control ID</param>
            <param name="colIDName">Column ID</param>
            <param name="type">Not use; must be zero</param>
            <returns>If succeed, return 0(unlock) or 1(lock); when failed, return -1</returns>
            <remarks>Only for grid column or list view column control</remarks>
        </member>
        <member name="M:FlexSystem.UiServer.SdfReader.GetLockModeByIndex(System.IntPtr,System.Int32,System.Int32,System.Int32)">
            <summary>
            Get the lock status of a control with the control index
            </summary>
            <param name="handle">Handle of the source file</param>
            <param name="idIndex">Control index</param>
            <param name="colIndex">Column index</param>
            <param name="type">Not use; must be zero</param>
            <returns>If succeed, return 0(unlock) or 1(lock); when failed, return -1</returns>
            <remarks>Only for grid column or list view column control</remarks>
        </member>
        <member name="M:FlexSystem.UiServer.SdfReader.GetColWidthById(System.IntPtr,System.String,System.String,System.Int32)">
            <summary>
            Get the column width of a control with the control ID
            </summary>
            <param name="handle">Handle of the source file</param>
            <param name="idName">Control ID</param>
            <param name="colIDName">Column ID</param>
            <param name="type">Not use; must be zero</param>
            <returns>If succeed, return a number greater than 0; when failed, return -1</returns>
            <remarks>Only for grid column or list view column control</remarks>
        </member>
        <member name="M:FlexSystem.UiServer.SdfReader.GetColWidthByIndex(System.IntPtr,System.Int32,System.Int32,System.Int32)">
            <summary>
            Get the column width of a control with the control index
            </summary>
            <param name="handle">Handle of the source file</param>
            <param name="idIndex">Control index</param>
            <param name="colIndex">Column index</param>
            <param name="type">Not use; must be zero</param>
            <returns>If succeed, return a number greater than 0; when failed, return -1</returns>
            <remarks>Only for grid column or list view column control</remarks>
        </member>
        <member name="M:FlexSystem.UiServer.SdfReader.GetColLetters(System.Byte@)">
            <summary>
            Get letter case of grid column and list view column
            </summary>
            <param name="alignmentValue"></param>
            <returns></returns>
        </member>
        <member name="T:FlexSystem.UiServer.RcVersion">
            <summary>
            Resource file version
            </summary>
        </member>
        <member name="F:FlexSystem.UiServer.RcVersion.ID1">
            <summary>
            Version 1001
            </summary>
        </member>
        <member name="F:FlexSystem.UiServer.RcVersion.ID2">
             <summary>
            Version 1002, In Language-Form Info, add 4 bytes for tooptip offset and
            2 bytes for tooptip count
             </summary>
        </member>
        <member name="T:FlexSystem.UiServer.RcContent">
            <summary>
            The structure store the infomation of resource file
            </summary>
        </member>
        <member name="F:FlexSystem.UiServer.RcContent.Version">
            <summary>
            The format version, support 1001 and 1002 version
            </summary>
        </member>
        <member name="F:FlexSystem.UiServer.RcContent.LastUpdateTime">
            <summary>
            The last update time, format is "yyyyMMddHHmm"
            </summary>
        </member>
        <member name="F:FlexSystem.UiServer.RcContent.Modifier">
            <summary>
            The last modifier
            </summary>
        </member>
        <member name="F:FlexSystem.UiServer.RcContent.Content">
            <summary>
            The language content, in version 1002, include the tooptip content
            </summary>
        </member>
        <member name="F:FlexSystem.UiServer.RcContent.ContentCount">
            <summary>
            The total contents count
            </summary>
        </member>
        <member name="F:FlexSystem.UiServer.RcContent.IsFormFound">
            <summary>
            If find the specify form name
            </summary>
        </member>
        <member name="F:FlexSystem.UiServer.RcContent.FormOffset">
            <summary>
            The form name offset
            </summary>
        </member>
        <member name="F:FlexSystem.UiServer.RcContent.ID">
            <summary>
            The language ID
            </summary>
        </member>
        <member name="F:FlexSystem.UiServer.RcContent.IDCount">
            <summary>
            The total language IDs count
            </summary>
        </member>
        <member name="F:FlexSystem.UiServer.RcContent.TooltipOffset">
            <summary>
            The tooptip offset, for version 1002
            </summary>
        </member>
        <member name="F:FlexSystem.UiServer.RcContent.TooltipCount">
            <summary>
            The tooptip count, for version 1002
            </summary>
        </member>
        <member name="T:FlexSystem.UiServer.RcReader">
            <summary>
            Read the multiple language resource file(.DAT file)
            </summary>
        </member>
        <member name="M:FlexSystem.UiServer.RcReader.Read(System.String,System.String,System.String,FlexSystem.UiServer.RcContent@)">
            <summary>
            Read the resource file all information
            </summary>
            <param name="fileName">The full file path</param>
            <param name="formName">The name of form</param>
            <param name="language">The language</param>
            <param name="content">The file content</param>
            <returns></returns>
        </member>
        <member name="M:FlexSystem.UiServer.RcReader.ReadEx(System.String,System.String,System.String,FlexSystem.UiServer.RcContent@)">
            <summary>
            Only read the language ID content, skip other information 
            </summary>
            <param name="fileName">The full file path</param>
            <param name="formName">The name of form</param>
            <param name="language">The language</param>
            <param name="content">The file content</param>
            <returns></returns>
        </member>
        <member name="T:FlexSystem.UiServer.MessageItem">
            <summary>
            Message Structure
            </summary>
        </member>
        <member name="F:FlexSystem.UiServer.MessageItem.ID">
            <summary>
            Message name 
            </summary>
        </member>
        <member name="F:FlexSystem.UiServer.MessageItem.Data">
            <summary>
            Message content
            </summary>
        </member>
    </members>
</doc>
