<?xml version="1.0"?>
<doc>
    <assembly>
        <name>FlexSystem.V11.Client</name>
    </assembly>
    <members>
        <member name="T:FlexSystem.V11.Client.AppService.AppServiceBroadcastProxy">
            <summary>
            Document Management Client Proxy.
            </summary>
        </member>
        <member name="M:FlexSystem.V11.Client.AppService.AppServiceBroadcastProxy.#ctor(FlexSystem.V11.Client.ClientSession)">
            <summary>
            Initializes a new instance of the AppServiceBroadcastProxy class.
            </summary>
            <param name="session">ClientSession connected to server.</param>
        </member>
        <member name="M:FlexSystem.V11.Client.AppService.AppServiceBroadcastProxy.LoadAllBroadcast(System.Boolean)">
            <summary>
            Load ALL broadcast messages without check the RIGHTS from the current ClietnSession user.
            LoadAllBroadcast or LoadUserBroadcast must call from initialize.
            </summary>
            <param name="isExpired">True = Expired / Deleted, otherwise, False.</param>
            <returns>BroadcastDS.BroadcastDataTable</returns>
        </member>
        <member name="M:FlexSystem.V11.Client.AppService.AppServiceBroadcastProxy.LoadUserBroadcast(System.Boolean)">
            <summary>
            Load broadcast messages with check the RIGHTS from the current ClietnSession user.
            LoadAllBroadcast or LoadUserBroadcast must call from initialize.
            </summary>
            <param name="isExpired">True = Expired / Deleted, otherwise, False.</param>
            <returns>BroadcastDS.BroadcastDataTable</returns>
        </member>
        <member name="M:FlexSystem.V11.Client.AppService.AppServiceBroadcastProxy.LoadBroadcastComment(System.String)">
            <summary>
            Load comments for specific broadcast.
            </summary>
            <param name="broadcastGUID">Broadcast GUID.</param>
            <returns>BroadcastDS.BroadcastCommentDataTable</returns>
        </member>
        <member name="M:FlexSystem.V11.Client.AppService.AppServiceBroadcastProxy.LoadBroadcastAttachement(System.String,System.String)">
            <summary>
            Load attachements for specific broadcast. The files will download if do not exists on the provide path.
            The path directory must exists on the file system. Otherwise, function will success but the files will
            not download.
            </summary>
            <param name="broadcastGUID">Broadcast GUID.</param>
            <param name="folderPath">User provide path.</param>
            <returns>BroadcastDS.BroadcastAttachDataTable</returns>
        </member>
        <member name="M:FlexSystem.V11.Client.AppService.AppServiceBroadcastProxy.LoadBroadcastRight(System.String)">
            <summary>
            Load user rights for specific broadcast.
            </summary>
            <param name="broadcastGUID">Broadcast GUID.</param>
            <returns>Dictionary for user or quickset rights.</returns>
        </member>
        <member name="M:FlexSystem.V11.Client.AppService.AppServiceBroadcastProxy.AddBroadcast(FlexSystem.V11.Client.AppService.NewBroadcast,FlexSystem.V11.Client.BroadcastDS.BroadcastRow)">
            <summary>
            Add broadcast message specific by the NewBroadcast structure. The new BroadcastRow value will assign
            to the user provided row.
            </summary>
            <param name="newBroadcast">New broadcast information.</param>
            <param name="newBroadcastRow">New BroadcastRow value.</param>
            <returns>True = success. Otherwise, False.</returns>
        </member>
        <member name="M:FlexSystem.V11.Client.AppService.AppServiceBroadcastProxy.DeleteBroadcast(System.String)">
            <summary>
            Delete a broadcast message. The message will mark as Expired on the table.
            (i.e. Message will not delete on the data table actually.
            </summary>
            <param name="broadcastGUID">Broadcast GUID.</param>
            <returns>True = success. Otherwise, False.</returns>
        </member>
        <member name="M:FlexSystem.V11.Client.AppService.AppServiceBroadcastProxy.AddAttachement(System.String,FlexSystem.V11.Client.AppService.NewAttachement)">
            <summary>
            Add attachement to the broadcast message.
            </summary>
            <param name="broadcastGUID">Broadcast GUID.</param>
            <param name="newAttachement">NewAttachement structure.</param>
            <returns>True = success. Otherwise, False.</returns>
        </member>
        <member name="M:FlexSystem.V11.Client.AppService.AppServiceBroadcastProxy.AddAttachement(System.String,FlexSystem.V11.Client.AppService.NewAttachement,FlexSystem.V11.Client.BroadcastDS.BroadcastAttachRow)">
            <summary>
            Add attachement to the broadcast message.
            </summary>
            <param name="broadcastGUID">Broadcast GUID.</param>
            <param name="newAttachement">NewAttachement structure.</param>
            <param name="newAttachementRow">New BroadcastAttachRow value.</param>
            <returns>True = success. Otherwise, False.</returns>
        </member>
        <member name="M:FlexSystem.V11.Client.AppService.AppServiceBroadcastProxy.DeleteAttachement(System.String)">
            <summary>
            Delete attachement from the specific broadcast message.
            </summary>
            <param name="attachGUID">Attachement GUID.</param>
            <returns>True = success. Otherwise, False.</returns>
        </member>
        <member name="M:FlexSystem.V11.Client.AppService.AppServiceBroadcastProxy.AddComment(System.String,System.String)">
            <summary>
            Add comment to the specific broadcast message.
            </summary>
            <param name="broadcastGUID">Broadcast GUID.</param>
            <param name="comment">Comment string.</param>
            <returns>True = success. Otherwise, False.</returns>
        </member>
        <member name="M:FlexSystem.V11.Client.AppService.AppServiceBroadcastProxy.AssignRights(System.String,System.Collections.Generic.Dictionary{System.String,FlexSystem.V11.Client.AppService.BroadcastRight})">
            <summary>
            Assign user rights to the broadcast message.
            </summary>
            <param name="broadcastGUID">Broadcast GUID.</param>
            <param name="rights">Rights.</param>
            <returns>True = success. Otherwise, False.</returns>
        </member>
        <!-- Badly formed XML comment ignored for member "M:FlexSystem.V11.Client.AppService.AppServiceBroadcastProxy.GetUserList" -->
        <member name="T:FlexSystem.V11.Client.AppService.AppServiceDocumentManagementProxy">
            <summary>
            Document Management Client Proxy.
            </summary>
        </member>
        <member name="M:FlexSystem.V11.Client.AppService.AppServiceDocumentManagementProxy.#ctor(FlexSystem.V11.Client.ClientSession)">
            <summary>
            Initializes a new instance of the AppServiceDocumentManagementProxy class.
            </summary>
            <param name="session">ClientSession connected to server.</param>
        </member>
        <member name="M:FlexSystem.V11.Client.AppService.AppServiceDocumentManagementProxy.LoadUserDocuments">
            <summary>
            Load documents for the current ClietnSession user which have the RIGHTS to view.
            This function must call from initialize.
            </summary>
            <returns>DocumentDS.DocumentsDataTable</returns>
        </member>
        <member name="M:FlexSystem.V11.Client.AppService.AppServiceDocumentManagementProxy.LoadDeletedDocuments">
            <summary>
            Load deleted documents for the current ClietnSession user which have the RIGHTS to view.
            </summary>
            <returns>DocumentDS.DocumentsDataTable</returns>
        </member>
        <member name="M:FlexSystem.V11.Client.AppService.AppServiceDocumentManagementProxy.LoadDocumentVersion(System.String)">
            <summary>
            Load document versions.
            </summary>
            <param name="documentGUID">Document guid.</param>
            <returns>DocumentDS.DocumentVersionDataTable</returns>
        </member>
        <member name="M:FlexSystem.V11.Client.AppService.AppServiceDocumentManagementProxy.LoadDocumentComment(System.String)">
            <summary>
            Load document comments.
            </summary>
            <param name="documentGUID">Document guid.</param>
            <returns>DocumentDS.DocumentCommentDataTable</returns>
        </member>
        <member name="M:FlexSystem.V11.Client.AppService.AppServiceDocumentManagementProxy.LoadDocumentComment(System.String,System.Int32)">
            <summary>
            Load document version comments.
            </summary>
            <param name="documentGUID">Document guid.</param>
            <param name="sequence">Version sequence.</param>
            <returns>DocumentDS.DocumentCommentDataTable</returns>
        </member>
        <member name="M:FlexSystem.V11.Client.AppService.AppServiceDocumentManagementProxy.LoadDocumentRight(System.String)">
            <summary>
            Load document rights.
            </summary>
            <param name="documentGUID">Document guid.</param>
            <returns>Dictionary for user or quickset rights.</returns>
        </member>
        <member name="M:FlexSystem.V11.Client.AppService.AppServiceDocumentManagementProxy.AddDocument(FlexSystem.V11.Client.AppService.NewDocument,FlexSystem.V11.Client.DocumentDS.DocumentsRow)">
            <summary>
            Add a new document.
            </summary>
            <param name="newDocument">NewDocument struct.</param>
            <param name="newDocumentRow">DocumentDS.DocumentsRow instance created by DocumentDS.Documents data table.</param>
            <returns>True = success. Otherwise, false.</returns>
        </member>
        <member name="M:FlexSystem.V11.Client.AppService.AppServiceDocumentManagementProxy.DeleteDocument(System.String)">
            <summary>
            Delete a document.
            </summary>
            <param name="documentGUID">Document guid.</param>
            <returns>True = success. Otherwise, false.</returns>
        </member>
        <member name="M:FlexSystem.V11.Client.AppService.AppServiceDocumentManagementProxy.CheckOutDocument(System.String,System.String)">
            <summary>
            Check out a document and download to client side.
            </summary>
            <param name="documentGUID">Document guid.</param>
            <param name="filePath">Client path contains file name to save.</param>
            <returns>True = success. Otherwise, false.</returns>
        </member>
        <member name="M:FlexSystem.V11.Client.AppService.AppServiceDocumentManagementProxy.UndoCheckOutDocument(System.String)">
            <summary>
            Undo check out a document.
            </summary>
            <param name="documentGUID">Document guid.</param>
            <returns>True = success. Otherwise, false.</returns>
        </member>
        <member name="M:FlexSystem.V11.Client.AppService.AppServiceDocumentManagementProxy.CheckInDocument(System.String,System.String,System.String)">
            <summary>
            Check in a document and upload to server.
            </summary>
            <param name="documentGUID">Document guid.</param>
            <param name="filePath">Client path contains file name to upload.</param>
            <param name="comment">Document comment by upload user.</param>
            <returns>True = success. Otherwise, false.</returns>
        </member>
        <member name="M:FlexSystem.V11.Client.AppService.AppServiceDocumentManagementProxy.DownloadDocument(System.String,System.Int32,System.String)">
            <summary>
            Download a specific version of the document to client side.
            </summary>
            <param name="documentGUID">Document guid.</param>
            <param name="sequence">Version sequence.</param>
            <param name="filePath">Client path contains file name to save.</param>
            <returns>True = success. Otherwise, false.</returns>
        </member>
        <member name="M:FlexSystem.V11.Client.AppService.AppServiceDocumentManagementProxy.EditDocumentDesc(System.String,System.String)">
            <summary>
            Edit description of a document.
            </summary>
            <param name="documentGUID">Document guid.</param>
            <param name="desc">Document description.</param>
            <returns>True = success. Otherwise, false.</returns>
        </member>
        <member name="M:FlexSystem.V11.Client.AppService.AppServiceDocumentManagementProxy.EditDocumentVersionDesc(System.String,System.Int32,System.String)">
            <summary>
            Edit version description of a document.
            </summary>
            <param name="documentGUID">Document guid.</param>
            <param name="sequence">Document version sequence.</param>
            <param name="desc">Document version description.</param>
            <returns>True = success. Otherwise, false.</returns>
        </member>
        <member name="M:FlexSystem.V11.Client.AppService.AppServiceDocumentManagementProxy.AddComment(System.String,System.String)">
            <summary>
            Add comment to the document.
            </summary>
            <param name="documentGUID">Document guid.</param>
            <param name="comment">Comment by user.</param>
            <returns>True = success. Otherwise, false.</returns>
        </member>
        <member name="M:FlexSystem.V11.Client.AppService.AppServiceDocumentManagementProxy.AddComment(System.String,System.Int32,System.String)">
            <summary>
            Add comment to the specific version of document.
            </summary>
            <param name="documentGUID">Document guid.</param>
            <param name="sequence">Version sequence.</param>
            <param name="comment">Comment by user.</param>
            <returns>True = success. Otherwise, false.</returns>
        </member>
        <member name="M:FlexSystem.V11.Client.AppService.AppServiceDocumentManagementProxy.AssignRights(System.String,System.Collections.Generic.Dictionary{System.String,FlexSystem.V11.Client.AppService.DocumentRight})">
            <summary>
            Assign the rights to the document.
            </summary>
            <param name="documentGUID">Document guid.</param>
            <param name="rights">Rights is Dictionary.</param>
            <returns>True = success. Otherwise, false.</returns>
        </member>
        <!-- Badly formed XML comment ignored for member "M:FlexSystem.V11.Client.AppService.AppServiceDocumentManagementProxy.GetUserList" -->
        <member name="T:FlexSystem.V11.Client.MessageDS">
             <summary>
            Represents a strongly typed in-memory cache of data.
            </summary>
        </member>
        <member name="T:FlexSystem.V11.Client.MessageDS.UserLogDataTable">
             <summary>
            Represents the strongly named DataTable class.
            </summary>
        </member>
        <member name="T:FlexSystem.V11.Client.MessageDS.FolderDataTable">
             <summary>
            Represents the strongly named DataTable class.
            </summary>
        </member>
        <member name="T:FlexSystem.V11.Client.MessageDS.MessageDataTable">
             <summary>
            Represents the strongly named DataTable class.
            </summary>
        </member>
        <member name="T:FlexSystem.V11.Client.MessageDS.MessageRow">
             <summary>
            Represents strongly named DataRow class.
            </summary>
        </member>
        <member name="T:FlexSystem.V11.Client.MessageDS.FolderRow">
             <summary>
            Represents strongly named DataRow class.
            </summary>
        </member>
        <member name="T:FlexSystem.V11.Client.MessageDS.UserLogRow">
             <summary>
            Represents strongly named DataRow class.
            </summary>
        </member>
        <member name="T:FlexSystem.V11.Client.MessageDS.MessageRowChangeEvent">
             <summary>
            Row event argument class
            </summary>
        </member>
        <member name="T:FlexSystem.V11.Client.MessageDS.FolderRowChangeEvent">
             <summary>
            Row event argument class
            </summary>
        </member>
        <member name="T:FlexSystem.V11.Client.MessageDS.UserLogRowChangeEvent">
             <summary>
            Row event argument class
            </summary>
        </member>
        <member name="T:FlexSystem.V11.Client.AppService.AppServiceQueryProxy">
            <summary>
            DataSet Query Client Proxy.
            </summary>
        </member>
        <member name="M:FlexSystem.V11.Client.AppService.AppServiceQueryProxy.#ctor(FlexSystem.V11.Client.ClientSession)">
            <summary>
            Initializes a new instance of the AppServiceQueryProxy class.
            </summary>
            <param name="session">ClientSession connected to server.</param>
        </member>
        <member name="M:FlexSystem.V11.Client.AppService.AppServiceQueryProxy.GetDataSet(System.String,System.String,System.String)">
            <summary>
            Get the DataSet by the specific table configured on the application server.
            Criteria is in form of Col1(ALL)Col2(1..Z)Col3(HKD,USD)
            Columns is in form of Col1,Col2,Col3
            If no column specify, ALL columns should be returned.
            </summary>
            <param name="tableName">Table name.</param>
            <param name="mdqxString">MDQX criteria string. In form of Col1(ALL)Col2(1..Z)Col3(HKD,USD).</param>
            <param name="columnNames">Columns returns by the query. No specify for ALL columns. In form of Col1,Col2,Col3</param>
            <returns>DataSet.</returns>
        </member>
        <member name="M:FlexSystem.V11.Client.AppService.AppServiceQueryProxy.GetCriteria(System.String)">
            <summary>
            Get the criteria for the specific table.
            The string is in form of : Name:Type:DefaultValue
            e.g. CompanyStart:Char:V12
                 PeriodStart:Period:01/2005
                 AsAtDate:Date:11/3/2011
                 AccountCode:Char:
            
            Available type : Char, Date, Number, Binary, Period
            </summary>
            <param name="tableName">Table name.</param>
            <returns>List of criteria in specific format.</returns>
        </member>
        <member name="M:FlexSystem.V11.Client.AppService.AppServiceQueryProxy.GetColumnList(System.String)">
            <summary>
            Get the columns available form the specific table.
            The string is in form of : Name:Type
            e.g. Account_AccountCode:Char
                 BfDebitBaseAmt:Number
            
            Available type : Char, Date, Number, Binary, Period
            </summary>
            <param name="tableName">Table name.</param>
            <returns>List of columns in specific format.</returns>
        </member>
        <member name="M:FlexSystem.V11.Client.AppService.AppServiceQueryProxy.GetTablesInfo">
            <summary>
            Get Tables available for query.
            </summary>
            <returns>List of table name.</returns>
        </member>
        <member name="T:FlexSystem.V11.Client.BroadcastDS">
             <summary>
            Represents a strongly typed in-memory cache of data.
            </summary>
        </member>
        <member name="T:FlexSystem.V11.Client.BroadcastDS.BroadcastDataTable">
             <summary>
            Represents the strongly named DataTable class.
            </summary>
        </member>
        <member name="T:FlexSystem.V11.Client.BroadcastDS.BroadcastAttachDataTable">
             <summary>
            Represents the strongly named DataTable class.
            </summary>
        </member>
        <member name="T:FlexSystem.V11.Client.BroadcastDS.BroadcastCommentDataTable">
             <summary>
            Represents the strongly named DataTable class.
            </summary>
        </member>
        <member name="T:FlexSystem.V11.Client.BroadcastDS.BroadcastUserDataTable">
             <summary>
            Represents the strongly named DataTable class.
            </summary>
        </member>
        <member name="T:FlexSystem.V11.Client.BroadcastDS.BroadcastQSetDataTable">
             <summary>
            Represents the strongly named DataTable class.
            </summary>
        </member>
        <member name="T:FlexSystem.V11.Client.BroadcastDS.BroadcastRow">
             <summary>
            Represents strongly named DataRow class.
            </summary>
        </member>
        <member name="T:FlexSystem.V11.Client.BroadcastDS.BroadcastAttachRow">
             <summary>
            Represents strongly named DataRow class.
            </summary>
        </member>
        <member name="T:FlexSystem.V11.Client.BroadcastDS.BroadcastCommentRow">
             <summary>
            Represents strongly named DataRow class.
            </summary>
        </member>
        <member name="T:FlexSystem.V11.Client.BroadcastDS.BroadcastUserRow">
             <summary>
            Represents strongly named DataRow class.
            </summary>
        </member>
        <member name="T:FlexSystem.V11.Client.BroadcastDS.BroadcastQSetRow">
             <summary>
            Represents strongly named DataRow class.
            </summary>
        </member>
        <member name="T:FlexSystem.V11.Client.BroadcastDS.BroadcastRowChangeEvent">
             <summary>
            Row event argument class
            </summary>
        </member>
        <member name="T:FlexSystem.V11.Client.BroadcastDS.BroadcastAttachRowChangeEvent">
             <summary>
            Row event argument class
            </summary>
        </member>
        <member name="T:FlexSystem.V11.Client.BroadcastDS.BroadcastCommentRowChangeEvent">
             <summary>
            Row event argument class
            </summary>
        </member>
        <member name="T:FlexSystem.V11.Client.BroadcastDS.BroadcastUserRowChangeEvent">
             <summary>
            Row event argument class
            </summary>
        </member>
        <member name="T:FlexSystem.V11.Client.BroadcastDS.BroadcastQSetRowChangeEvent">
             <summary>
            Row event argument class
            </summary>
        </member>
        <member name="M:FlexSystem.V11.Client.FileUtils.UploadFile(System.String,FlexSystem.V11.FolderType,System.String,System.Boolean@,System.String,System.String,System.Net.IPEndPoint,System.Text.Encoding)">
            <summary>
            Uploads file to server in the client side.
            </summary>
            <param name="srcFilePath">Client side source file path.</param>
            <param name="tarFolderType">Server side target folder.</param>
            <param name="tarFileName">Server side target file name.</param>
            <param name="overwrite">Indicates whether or not to overwrite an existing file.</param>
            <param name="userName">User name.</param>
            <param name="password">User password.</param>
            <param name="server">Server IP address and port.</param>
            <param name="encoding">The encoding of the connection.</param>
            <returns>The returned upload status.</returns>
        </member>
        <member name="M:FlexSystem.V11.Client.FileUtils.UploadFile(System.String,FlexSystem.V11.FolderType,System.String,System.Boolean@,System.String,System.String,FlexSystem.Connection.IOBufferBase)">
            <summary>
            Uploads file to server in the client side.
            </summary>
            <param name="srcFilePath">Client side source file path.</param>
            <param name="tarFolderType">Server side target folder.</param>
            <param name="tarFileName">Server side target file name.</param>
            <param name="overwrite">Indicates whether or not to overwrite an existing file.</param>
            <param name="userName">User name.</param>
            <param name="password">User password.</param>
            <param name="io">The I/O connected to the server.</param>
            <returns>The returned upload status.</returns>
        </member>
        <member name="M:FlexSystem.V11.Client.FileUtils.UploadFile(System.String,FlexSystem.V11.FolderType,System.String,System.Boolean@,System.String,System.Net.IPEndPoint,System.Text.Encoding)">
            <summary>
            Uploads file to server in the client side.
            </summary>
            <param name="srcFilePath">Client side source file path.</param>
            <param name="tarFolderType">Server side target folder.</param>
            <param name="tarFileName">Server side target file name.</param>
            <param name="overwrite">Indicates whether or not to overwrite an existing file.</param>
            <param name="serverOrSessionToken">A server or session token generated by the server.</param>
            <param name="server">Server IP address and port.</param>
            <param name="encoding">The encoding of the connection.</param>
            <returns>The returned upload status.</returns>
        </member>
        <member name="M:FlexSystem.V11.Client.FileUtils.UploadFile(System.String,FlexSystem.V11.FolderType,System.String,System.Boolean@,System.String,FlexSystem.Connection.IOBufferBase)">
            <summary>
            Uploads file to server in the client side.
            </summary>
            <param name="srcFilePath">Client side source file path.</param>
            <param name="tarFolderType">Server side target folder.</param>
            <param name="tarFileName">Server side target file name.</param>
            <param name="overwrite">Indicates whether or not to overwrite an existing file.</param>
            <param name="serverOrSessionToken">A server or session token generated by the server.</param>
            <param name="io">The I/O connected to the server.</param>
            <returns>The returned upload status.</returns>
        </member>
        <member name="M:FlexSystem.V11.Client.FileUtils.DownloadFile(FlexSystem.V11.FolderType,System.String,System.String,System.Boolean@,System.String,System.Net.IPEndPoint,System.Text.Encoding)">
            <summary>
            Downloads file from the server.
            </summary>
            <param name="srcFolderType">Server side source folder.</param>
            <param name="srcFileName">Server side source file name.</param>
            <param name="tarFilePath">Client side target file path.</param>
            <param name="overwrite">Indicates whether or not to overwrite an existing file.</param>
            <param name="serverOrSessionToken">A server or session token generated by the server.</param>
            <param name="server">Server IP address and port.</param>
            <param name="encoding">The encoding of the connection.</param>
            <returns>The returned download status.</returns>
        </member>
        <member name="M:FlexSystem.V11.Client.FileUtils.DownloadFile(FlexSystem.V11.FolderType,System.String,System.String,System.Boolean@,System.String,FlexSystem.Connection.IOBufferBase)">
            <summary>
            Downloads file from the server.
            </summary>
            <param name="srcFolderType">Server side source folder.</param>
            <param name="srcFileName">Server side source file name.</param>
            <param name="tarFilePath">Client side target file path.</param>
            <param name="overwrite">Indicates whether or not to overwrite an existing file.</param>
            <param name="serverOrSessionToken">A server or session token generated by the server.</param>
            <param name="io">The I/O connected to the server.</param>
            <returns>The returned upload status.</returns>
        </member>
        <member name="M:FlexSystem.V11.Client.FileUtils.DeleteServerFile(FlexSystem.V11.FolderType,System.String,System.String,System.Net.IPEndPoint,System.Text.Encoding)">
            <summary>
            Deletes file from the server.
            </summary>
            <param name="folderType">Server side folder.</param>
            <param name="fileName">Server side file name.</param>
            <param name="serverOrSessionToken">A server or session token generated by the server.</param>
            <param name="server">Server IP address and port.</param>
            <param name="encoding">The encoding of the connection.</param>
            <returns>The returned status.</returns>
        </member>
        <member name="M:FlexSystem.V11.Client.FileUtils.DeleteServerFile(FlexSystem.V11.FolderType,System.String,System.String,FlexSystem.Connection.IOBufferBase)">
            <summary>
            Deletes file from the server.
            </summary>
            <param name="folderType">Server side folder.</param>
            <param name="fileName">Server side file name.</param>
            <param name="serverOrSessionToken">A server or session token generated by the server.</param>
            <param name="io">The I/O connected to the server.</param>
            <returns>The returned status.</returns>
        </member>
        <member name="M:FlexSystem.V11.Client.FileUtils.DeleteServerFile(FlexSystem.V11.FolderType,System.String[],System.String,System.Net.IPEndPoint,System.Text.Encoding,FlexSystem.V11.UploadDownloadStatus[]@)">
            <summary>
            Deletes files from the server.
            </summary>
            <param name="folderType">Server side folder.</param>
            <param name="fileNames">Server side file names.</param>
            <param name="serverOrSessionToken">A server or session token generated by the server.</param>
            <param name="server">Server IP address and port.</param>
            <param name="encoding">The encoding of the connection.</param>
            <param name="staList">The return status for each of the file name.</param>
            <returns>The returned status.</returns>
        </member>
        <member name="M:FlexSystem.V11.Client.FileUtils.DeleteServerFile(FlexSystem.V11.FolderType,System.String[],System.String,FlexSystem.Connection.IOBufferBase,FlexSystem.V11.UploadDownloadStatus[]@)">
            <summary>
            Deletes files from the server.
            </summary>
            <param name="folderType">Server side folder.</param>
            <param name="fileNames">Server side file name.</param>
            <param name="serverOrSessionToken">A server or session token generated by the server.</param>
            <param name="io">The I/O connected to the server.</param>
            <param name="staList">The return status for each of the file name.</param>
            <returns>The returned status.</returns>
        </member>
        <member name="M:FlexSystem.V11.Client.FileUtils.ListFiles(FlexSystem.V11.FolderType,System.String,System.Net.IPEndPoint,System.Text.Encoding,System.String[]@)">
            <summary>
            List files from server folders.
            </summary>
            <param name="folderType">Server side folder to search.</param>
            <param name="serverOrSessionToken">A server or session token generated by the server.</param>
            <param name="server">Server IP address and port.</param>
            <param name="encoding">The encoding of the connection.</param>
            <param name="files">Files in the server folder.</param>
            <returns>The list status.</returns>
        </member>
        <member name="M:FlexSystem.V11.Client.FileUtils.ListFiles(FlexSystem.V11.FolderType,System.String,FlexSystem.Connection.IOBufferBase,System.String[]@)">
            <summary>
            List files from server folders.
            </summary>
            <param name="folderType">Server side folder to search.</param>
            <param name="serverOrSessionToken">A server or session token generated by the server.</param>
            <param name="io">The I/O connected to the server.</param>
            <param name="files">Files in the server folder.</param>
            <returns>The list status.</returns>
        </member>
        <member name="M:FlexSystem.V11.Client.FileUtils.ListFiles(FlexSystem.V11.FolderType,System.String,System.IO.SearchOption,System.String,System.Net.IPEndPoint,System.Text.Encoding,System.String[]@)">
            <summary>
            List files from server folders.
            </summary>
            <param name="folderType">Server side folder to search.</param>
            <param name="searchPattern">The search string to match against the names of files in path.</param>
            <param name="searchOption">One of the SearchOption values that specifies whether the search operation should include all subdirectories or only the current directory.</param>
            <param name="serverOrSessionToken">A server or session token generated by the server.</param>
            <param name="server">Server IP address and port.</param>
            <param name="encoding">The encoding of the connection.</param>
            <param name="files">Files in the server folder.</param>
            <returns>The list status.</returns>
        </member>
        <member name="M:FlexSystem.V11.Client.FileUtils.ListFiles(FlexSystem.V11.FolderType,System.String,System.IO.SearchOption,System.String,FlexSystem.Connection.IOBufferBase,System.String[]@)">
            <summary>
            List files from server folders.
            </summary>
            <param name="folderType">Server side folder to search.</param>
            <param name="searchPattern">The search string to match against the names of files in path.</param>
            <param name="searchOption">One of the SearchOption values that specifies whether the search operation should include all subdirectories or only the current directory.</param>
            <param name="serverOrSessionToken">A server or session token generated by the server.</param>
            <param name="io">The I/O connected to the server.</param>
            <param name="files">Files in the server folder.</param>
            <returns>The list status.</returns>
        </member>
        <member name="M:FlexSystem.V11.Client.FileUtils.ListFolders(FlexSystem.V11.FolderType,System.String,System.Net.IPEndPoint,System.Text.Encoding,System.String[]@)">
            <summary>
            List folders from server folders.
            </summary>
            <param name="folderType">Server side folder to search.</param>
            <param name="serverOrSessionToken">A server or session token generated by the server.</param>
            <param name="server">Server IP address and port.</param>
            <param name="encoding">The encoding of the connection.</param>
            <param name="folders">Folders in the server folder.</param>
            <returns>The list status.</returns>
        </member>
        <member name="M:FlexSystem.V11.Client.FileUtils.ListFolders(FlexSystem.V11.FolderType,System.String,FlexSystem.Connection.IOBufferBase,System.String[]@)">
            <summary>
            List folders from server folders.
            </summary>
            <param name="folderType">Server side folder to search.</param>
            <param name="serverOrSessionToken">A server or session token generated by the server.</param>
            <param name="io">The I/O connected to the server.</param>
            <param name="folders">Folders in the server folder.</param>
            <returns>The list status.</returns>
        </member>
        <member name="M:FlexSystem.V11.Client.FileUtils.ListFolders(FlexSystem.V11.FolderType,System.String,System.IO.SearchOption,System.String,System.Net.IPEndPoint,System.Text.Encoding,System.String[]@)">
            <summary>
            List folders from server folders.
            </summary>
            <param name="folderType">Server side folder to search.</param>
            <param name="searchPattern">The search string to match against the names of files in path.</param>
            <param name="searchOption">One of the SearchOption values that specifies whether the search operation should include all subdirectories or only the current directory.</param>
            <param name="serverOrSessionToken">A server or session token generated by the server.</param>
            <param name="server">Server IP address and port.</param>
            <param name="encoding">The encoding of the connection.</param>
            <param name="folders">Folders in the server folder.</param>
            <returns>The list status.</returns>
        </member>
        <member name="M:FlexSystem.V11.Client.FileUtils.ListFolders(FlexSystem.V11.FolderType,System.String,System.IO.SearchOption,System.String,FlexSystem.Connection.IOBufferBase,System.String[]@)">
            <summary>
            List folders from server folders.
            </summary>
            <param name="folderType">Server side folder to search.</param>
            <param name="searchPattern">The search string to match against the names of files in path.</param>
            <param name="searchOption">One of the SearchOption values that specifies whether the search operation should include all subdirectories or only the current directory.</param>
            <param name="serverOrSessionToken">A server or session token generated by the server.</param>
            <param name="io">The I/O connected to the server.</param>
            <param name="folders">Folders in the server folder.</param>
            <returns>The list status.</returns>
        </member>
        <member name="T:FlexSystem.V11.Client.AuthenticationClient">
            <summary>
            Client class that performs authentication to application server.
            </summary>
        </member>
        <member name="M:FlexSystem.V11.Client.AuthenticationClient.Login(System.Net.IPEndPoint,System.String,System.String,System.String,FlexSystem.V11.Client.ClientSession@)">
            <summary>
            Logs on to the application server.
            </summary>
            <param name="serverAddress">Server to be connected.</param>
            <param name="userCode">User code.</param>
            <param name="password">Password.</param>
            <param name="compayCode">Company to be used.</param>
            <param name="session">A new client session.</param>
            <returns>The login status.</returns>
        </member>
        <member name="M:FlexSystem.V11.Client.AuthenticationClient.Login(System.Net.IPEndPoint,System.String,System.String,System.String,FlexSystem.V11.ClientVersion,FlexSystem.V11.Client.ClientSession@)">
            <summary>
            Logs on to the application server.
            </summary>
            <param name="serverAddress">Server to be connected.</param>
            <param name="userCode">User code.</param>
            <param name="password">Password.</param>
            <param name="compayCode">Company to be used.</param>
            <param name="clientVersion">The client version.</param>
            <param name="session">A new client session.</param>
            <returns>The login status.</returns>
        </member>
        <member name="M:FlexSystem.V11.Client.AuthenticationClient.Login(System.String,System.String,System.String,System.String,FlexSystem.V11.Client.ClientSession@)">
            <summary>
            Logs on to the application server.
            </summary>
            <param name="serverHost">Server to be connected.</param>
            <param name="userCode">User code.</param>
            <param name="password">Password.</param>
            <param name="compayCode">Company to be used.</param>
            <param name="session">A new client session.</param>
            <returns>The login status.</returns>
        </member>
        <member name="M:FlexSystem.V11.Client.AuthenticationClient.Login(System.String,System.String,System.String,System.String,FlexSystem.V11.ClientVersion,FlexSystem.V11.Client.ClientSession@)">
            <summary>
            Logs on to the application server.
            </summary>
            <param name="serverHost">Server to be connected.</param>
            <param name="userCode">User code.</param>
            <param name="password">Password.</param>
            <param name="compayCode">Company to be used.</param>
            <param name="clientVersion">The client version.</param>
            <param name="session">A new client session.</param>
            <returns>The login status.</returns>
        </member>
        <member name="M:FlexSystem.V11.Client.AuthenticationClient.CloneSession(System.Net.IPEndPoint,System.UInt32,System.UInt32,System.String,FlexSystem.V11.Client.ClientSession@)">
            <summary>
            Clones a session by an existing session token.
            </summary>
            <param name="serverAddress">Server to be connected.</param>
            <param name="serverID">The server ID of the server to be cloned.</param>
            <param name="sessionID">The session ID of the session to be cloned.</param>
            <param name="sessionToken">The session token.</param>
            <param name="session">A cloned client session.</param>
            <returns>The clone status.</returns>
        </member>
        <member name="M:FlexSystem.V11.Client.AuthenticationClient.CloneSession(System.String,System.UInt32,System.UInt32,System.String,FlexSystem.V11.Client.ClientSession@)">
            <summary>
            Clones a session by an existing session token.
            </summary>
            <param name="serverHost">Server to be connected.</param>
            <param name="serverID">The server ID of the server to be cloned.</param>
            <param name="sessionID">The session ID of the session to be cloned.</param>
            <param name="sessionToken">The session token.</param>
            <param name="session">A cloned client session.</param>
            <returns>The clone status.</returns>
        </member>
        <member name="M:FlexSystem.V11.Client.AuthenticationClient.GetFunctionRights(FlexSystem.V11.Client.ClientSession,System.String)">
            <summary>
            Gets the access rights of a function.
            </summary>
            <param name="session">The client session.</param>
            <param name="programID">Program ID of the function to be checked.</param>
            <returns>The access rights.</returns>
        </member>
        <member name="M:FlexSystem.V11.Client.AuthenticationClient.GetFunctionRights(FlexSystem.V11.Client.ClientSession,System.String[])">
            <summary>
            Gets the access rights of the given functions.
            </summary>
            <param name="session">The client session.</param>
            <param name="programIDs">An array of program IDs to be checked.</param>
            <returns>The access rights collection.</returns>
        </member>
        <member name="M:FlexSystem.V11.Client.AuthenticationClient.GetCurrentRoles(FlexSystem.V11.Client.ClientSession)">
            <summary>
            Gets the user roles of the current client session.
            </summary>
            <param name="session">The client session.</param>
            <returns>The user roles.</returns>
        </member>
        <member name="M:FlexSystem.V11.Client.AuthenticationClient.Logout(FlexSystem.V11.Client.ClientSession)">
            <summary>
            Logs off the current session to the application server.
            </summary>
            <param name="session">The client session.</param>
        </member>
        <member name="T:FlexSystem.V11.Client.DocumentDS">
             <summary>
            Represents a strongly typed in-memory cache of data.
            </summary>
        </member>
        <member name="T:FlexSystem.V11.Client.DocumentDS.DocumentsDataTable">
             <summary>
            Represents the strongly named DataTable class.
            </summary>
        </member>
        <member name="T:FlexSystem.V11.Client.DocumentDS.DocumentTypeDataTable">
             <summary>
            Represents the strongly named DataTable class.
            </summary>
        </member>
        <member name="T:FlexSystem.V11.Client.DocumentDS.UsersDataTable">
             <summary>
            Represents the strongly named DataTable class.
            </summary>
        </member>
        <member name="T:FlexSystem.V11.Client.DocumentDS.RolesDataTable">
             <summary>
            Represents the strongly named DataTable class.
            </summary>
        </member>
        <member name="T:FlexSystem.V11.Client.DocumentDS.DocumentRoleRightDataTable">
             <summary>
            Represents the strongly named DataTable class.
            </summary>
        </member>
        <member name="T:FlexSystem.V11.Client.DocumentDS.CompanyGroupDataTable">
             <summary>
            Represents the strongly named DataTable class.
            </summary>
        </member>
        <member name="T:FlexSystem.V11.Client.DocumentDS.DocumentCompanyGroupDataTable">
             <summary>
            Represents the strongly named DataTable class.
            </summary>
        </member>
        <member name="T:FlexSystem.V11.Client.DocumentDS.DocumentVersionDataTable">
             <summary>
            Represents the strongly named DataTable class.
            </summary>
        </member>
        <member name="T:FlexSystem.V11.Client.DocumentDS.DocumentVersionImageDataTable">
             <summary>
            Represents the strongly named DataTable class.
            </summary>
        </member>
        <member name="T:FlexSystem.V11.Client.DocumentDS.ImageDataTable">
             <summary>
            Represents the strongly named DataTable class.
            </summary>
        </member>
        <member name="T:FlexSystem.V11.Client.DocumentDS.DocumentsProcessesDataTable">
             <summary>
            Represents the strongly named DataTable class.
            </summary>
        </member>
        <member name="T:FlexSystem.V11.Client.DocumentDS.ProcessOutcomeDataTable">
             <summary>
            Represents the strongly named DataTable class.
            </summary>
        </member>
        <member name="T:FlexSystem.V11.Client.DocumentDS.ProcessStatusDataTable">
             <summary>
            Represents the strongly named DataTable class.
            </summary>
        </member>
        <member name="T:FlexSystem.V11.Client.DocumentDS.BusinessProcessesDataTable">
             <summary>
            Represents the strongly named DataTable class.
            </summary>
        </member>
        <member name="T:FlexSystem.V11.Client.DocumentDS.UserInProcessesDataTable">
             <summary>
            Represents the strongly named DataTable class.
            </summary>
        </member>
        <member name="T:FlexSystem.V11.Client.DocumentDS.DocumentCommentDataTable">
             <summary>
            Represents the strongly named DataTable class.
            </summary>
        </member>
        <member name="T:FlexSystem.V11.Client.DocumentDS.DocumentUserRightDataTable">
             <summary>
            Represents the strongly named DataTable class.
            </summary>
        </member>
        <member name="T:FlexSystem.V11.Client.DocumentDS.DocumentQSetRightDataTable">
             <summary>
            Represents the strongly named DataTable class.
            </summary>
        </member>
        <member name="T:FlexSystem.V11.Client.DocumentDS.DocumentsRow">
             <summary>
            Represents strongly named DataRow class.
            </summary>
        </member>
        <member name="T:FlexSystem.V11.Client.DocumentDS.DocumentTypeRow">
             <summary>
            Represents strongly named DataRow class.
            </summary>
        </member>
        <member name="T:FlexSystem.V11.Client.DocumentDS.UsersRow">
             <summary>
            Represents strongly named DataRow class.
            </summary>
        </member>
        <member name="T:FlexSystem.V11.Client.DocumentDS.RolesRow">
             <summary>
            Represents strongly named DataRow class.
            </summary>
        </member>
        <member name="T:FlexSystem.V11.Client.DocumentDS.DocumentRoleRightRow">
             <summary>
            Represents strongly named DataRow class.
            </summary>
        </member>
        <member name="T:FlexSystem.V11.Client.DocumentDS.CompanyGroupRow">
             <summary>
            Represents strongly named DataRow class.
            </summary>
        </member>
        <member name="T:FlexSystem.V11.Client.DocumentDS.DocumentCompanyGroupRow">
             <summary>
            Represents strongly named DataRow class.
            </summary>
        </member>
        <member name="T:FlexSystem.V11.Client.DocumentDS.DocumentVersionRow">
             <summary>
            Represents strongly named DataRow class.
            </summary>
        </member>
        <member name="T:FlexSystem.V11.Client.DocumentDS.DocumentVersionImageRow">
             <summary>
            Represents strongly named DataRow class.
            </summary>
        </member>
        <member name="T:FlexSystem.V11.Client.DocumentDS.ImageRow">
             <summary>
            Represents strongly named DataRow class.
            </summary>
        </member>
        <member name="T:FlexSystem.V11.Client.DocumentDS.DocumentsProcessesRow">
             <summary>
            Represents strongly named DataRow class.
            </summary>
        </member>
        <member name="T:FlexSystem.V11.Client.DocumentDS.ProcessOutcomeRow">
             <summary>
            Represents strongly named DataRow class.
            </summary>
        </member>
        <member name="T:FlexSystem.V11.Client.DocumentDS.ProcessStatusRow">
             <summary>
            Represents strongly named DataRow class.
            </summary>
        </member>
        <member name="T:FlexSystem.V11.Client.DocumentDS.BusinessProcessesRow">
             <summary>
            Represents strongly named DataRow class.
            </summary>
        </member>
        <member name="T:FlexSystem.V11.Client.DocumentDS.UserInProcessesRow">
             <summary>
            Represents strongly named DataRow class.
            </summary>
        </member>
        <member name="T:FlexSystem.V11.Client.DocumentDS.DocumentCommentRow">
             <summary>
            Represents strongly named DataRow class.
            </summary>
        </member>
        <member name="T:FlexSystem.V11.Client.DocumentDS.DocumentUserRightRow">
             <summary>
            Represents strongly named DataRow class.
            </summary>
        </member>
        <member name="T:FlexSystem.V11.Client.DocumentDS.DocumentQSetRightRow">
             <summary>
            Represents strongly named DataRow class.
            </summary>
        </member>
        <member name="T:FlexSystem.V11.Client.DocumentDS.DocumentsRowChangeEvent">
             <summary>
            Row event argument class
            </summary>
        </member>
        <member name="T:FlexSystem.V11.Client.DocumentDS.DocumentTypeRowChangeEvent">
             <summary>
            Row event argument class
            </summary>
        </member>
        <member name="T:FlexSystem.V11.Client.DocumentDS.UsersRowChangeEvent">
             <summary>
            Row event argument class
            </summary>
        </member>
        <member name="T:FlexSystem.V11.Client.DocumentDS.RolesRowChangeEvent">
             <summary>
            Row event argument class
            </summary>
        </member>
        <member name="T:FlexSystem.V11.Client.DocumentDS.DocumentRoleRightRowChangeEvent">
             <summary>
            Row event argument class
            </summary>
        </member>
        <member name="T:FlexSystem.V11.Client.DocumentDS.CompanyGroupRowChangeEvent">
             <summary>
            Row event argument class
            </summary>
        </member>
        <member name="T:FlexSystem.V11.Client.DocumentDS.DocumentCompanyGroupRowChangeEvent">
             <summary>
            Row event argument class
            </summary>
        </member>
        <member name="T:FlexSystem.V11.Client.DocumentDS.DocumentVersionRowChangeEvent">
             <summary>
            Row event argument class
            </summary>
        </member>
        <member name="T:FlexSystem.V11.Client.DocumentDS.DocumentVersionImageRowChangeEvent">
             <summary>
            Row event argument class
            </summary>
        </member>
        <member name="T:FlexSystem.V11.Client.DocumentDS.ImageRowChangeEvent">
             <summary>
            Row event argument class
            </summary>
        </member>
        <member name="T:FlexSystem.V11.Client.DocumentDS.DocumentsProcessesRowChangeEvent">
             <summary>
            Row event argument class
            </summary>
        </member>
        <member name="T:FlexSystem.V11.Client.DocumentDS.ProcessOutcomeRowChangeEvent">
             <summary>
            Row event argument class
            </summary>
        </member>
        <member name="T:FlexSystem.V11.Client.DocumentDS.ProcessStatusRowChangeEvent">
             <summary>
            Row event argument class
            </summary>
        </member>
        <member name="T:FlexSystem.V11.Client.DocumentDS.BusinessProcessesRowChangeEvent">
             <summary>
            Row event argument class
            </summary>
        </member>
        <member name="T:FlexSystem.V11.Client.DocumentDS.UserInProcessesRowChangeEvent">
             <summary>
            Row event argument class
            </summary>
        </member>
        <member name="T:FlexSystem.V11.Client.DocumentDS.DocumentCommentRowChangeEvent">
             <summary>
            Row event argument class
            </summary>
        </member>
        <member name="T:FlexSystem.V11.Client.DocumentDS.DocumentUserRightRowChangeEvent">
             <summary>
            Row event argument class
            </summary>
        </member>
        <member name="T:FlexSystem.V11.Client.DocumentDS.DocumentQSetRightRowChangeEvent">
             <summary>
            Row event argument class
            </summary>
        </member>
        <member name="M:FlexSystem.V11.Client.AppService.AppServiceMaintenanceProxy.UpdateDataSet(System.Data.DataSet,System.Collections.Generic.List{System.Collections.Generic.KeyValuePair{System.Collections.Generic.List{System.Collections.Generic.KeyValuePair{System.String,System.Int32}},System.String}}@,System.String,System.String[])">
            <summary>
            Update data source by specified data set.
            Validate data set before update data set, return error message list if validation fail.
            Error message list : List of error message that contain list of table class ID and line index.
            </summary>
            <param name="ds">Data set for update</param>
            <param name="errMsgList">Error message list if validation fail</param>
            <remarks>
            Case : validation in voucher entry 
            1. Voucher header - voucher date missing.
               Error list
               Key = VoucherHdr, 1
               Value = voucher date missing.
            2. Voucher body grid - Line 1 : account code missing.
               Error list 
               Key[0] = VoucherHdr, 1
               Key[1] = VoucherBdy, 1
               Value = Line 1 : account code missing
            3. Voucher body analysis grid which under voucher body grid - Line 1 : analysis category not found.
               Error list 
               Key[0] = VoucherHdr, 1
               Key[1] = VoucherBdy, 1
               Key[2] = VoucherBdyAnalysis, 1
               Value = Line 1 : analysis category not found.
            </remarks>
        </member>
    </members>
</doc>
