<?xml version="1.0"?>
<doc>
    <assembly>
        <name>FlexSystem.Sdf</name>
    </assembly>
    <members>
        <member name="P:FlexSystem.Sdf.ServerControlItemInfo.Caption">
            <summary>
            Get the caption
            </summary>
        </member>
        <member name="P:FlexSystem.Sdf.ServerControlItemInfo.LetterCase">
            <summary>
            Get the letter case
            </summary>
            <remarks>
            SdfCaseMode Value   The value in 'Letters' of ".s" file     The option in 'FlexScreenEditor'->'Letters'
            CaseSensitive		0                                       Normal
            Upper			    1                                       Upper Case
            Lower			    2                                       Lower Case
            </remarks>
        </member>
        <member name="P:FlexSystem.Sdf.ServerControlItemInfo.FrontDecimal">
            <summary>
            Get the front decimal
            </summary>
        </member>
        <member name="P:FlexSystem.Sdf.ServerControlItemInfo.TextLength">
            <summary>
            Get the text length
            </summary>
        </member>
        <member name="P:FlexSystem.Sdf.ServerControlItemInfo.LockMode">
            <summary>
            Get the lock status(the value is 0(Unlock), 1(Lock))
            </summary>
        </member>
        <member name="P:FlexSystem.Sdf.ServerControlItemInfo.ColumnWidth">
            <summary>
            Get the column width(a physical size) of column.
            For grid column, the value is the 'CellSize' of '.S' file;
            For list view column, the value is the 'ColumnWidth' of '.S' file.
            </summary>
        </member>
        <member name="P:FlexSystem.Sdf.ServerControlItemInfo.GridColumnMode">
             <summary>
             Get the detail data input mode('CheckBox', 'Button' or 'Normal') of grid column
             when the 'DataInputMode' is 'Character'
             </summary>
             <example>
             <code>
             ServerControlItemInfo control;
             if (control.DataInputMode == DataInputMode.Character)
             {
                 GridColumnMode colMode = control.GridColumnMode;
            
                 if(colMode == GridColumnMode.Button)
                     Console.WriteLine("Data Input Mode: Button"); 
                    
                 else if(colMode == GridColumnMode.CheckBox)
                     Console.WriteLine("Data Input Mode: CheckBox");
                     
                 else //colMode == GridColumnMode.Normal
                     Console.WriteLine("Data Input Mode: Character");
             }
             </code>
             </example>
        </member>
        <member name="M:FlexSystem.Sdf.SdfResourceManager.GetColumnWidth(System.IntPtr,System.Int32,System.Int32)">
            Cornelius Yung require get the column width and grid column mode
            <summary>
            Get the column width(a physical size) of column.
            For grid column, the value is the 'CellSize' of '.S' file;
            For list view column, the value is the 'ColumnWidth' of '.S' file.
            </summary>
            <param name="handle"></param>
            <param name="controlIndex"></param>
            <param name="columnIndex"></param>
            <returns>If succeed, return a number greater than 0; when failed, return -1</returns>
        </member>
        <member name="M:FlexSystem.Sdf.SdfResourceManager.GetGridColumnMode(System.IntPtr,System.Int32,System.Int32)">
            <summary>
            Get the detail data input mode('CheckBox', 'Button', 'Normal') of grid column
            when the 'DataInputMode' is 'Character'
            </summary>
            <param name="handle"></param>
            <param name="controlIndex"></param>
            <param name="columnIndex"></param>
            <returns></returns>
        </member>
        <member name="T:FlexSystem.Sdf.ControlDataType">
            <summary>
            Data type of an input control. Members are copied by FlexSystem.Sdf.ControlDataType.
            </summary>
        </member>
    </members>
</doc>
