<?xml version="1.0"?>
<doc>
    <assembly>
        <name>FlexSystem.V11.System</name>
    </assembly>
    <members>
        <member name="P:FlexSystem.V11.Security.SecurityPolicy.RoleCompanyGroupPriority">
            <summary>
            Checks user role by company group priority that defined in user profile.
            Default value not set or 0 -> use first line of user role; Value = 1 -> use all line of user role.
            Example 1: if MASTER role = ADMIN (full rights) and DEMO role = REPORT (print report only), access rights = ADMIN | REPORT -> full access rights
            Example 2: if MASTER role = CREATE (only allow create mode) and DEMO role = AMEND (only allow amend mode), access rights = CREATE | AMEND -> allow create and amend
            </summary>
        </member>
        <member name="M:FlexSystem.V11.EnumConverter.ToDataSetType(System.String)">
            <summary>
            Converts a data set type character to a DataSetType.
            </summary>
            <param name="setChar">A data set type character.</param>
            <returns>The corresponding DataSetType of setChar.</returns>
        </member>
        <member name="M:FlexSystem.V11.EnumConverter.ToDataSetType(System.Char)">
            <summary>
            Converts a data set type character to a DataSetType.
            </summary>
            <param name="setChar">A data set type character.</param>
            <returns>The corresponding DataSetType of setChar.</returns>
        </member>
        <member name="M:FlexSystem.V11.EnumConverter.ToDataSetChar(FlexSystem.V11.DataSetType)">
            <summary>
            Converts a DataSetType to a char.
            </summary>
            <param name="dataSetType">A DataSetType value.</param>
            <returns>The corresponding char value of dataSetType.</returns>
        </member>
        <member name="M:FlexSystem.V11.EnumConverter.ToDataSetString(FlexSystem.V11.DataSetType)">
            <summary>
            Converts a DataSetType to a string.
            </summary>
            <param name="dataSetType">A DataSetType value.</param>
            <returns>The corresponding string value of dataSetType.</returns>
        </member>
        <member name="M:FlexSystem.V11.EnumConverter.ToCompanyType(System.String)">
            <summary>
            Converts a company type string to a CompanyType enum.
            </summary>
            <param name="typeString">A company type string to be converted.</param>
            <returns>The converted CompanyType enum.</returns>
        </member>
        <member name="M:FlexSystem.V11.EnumConverter.ToCurrencyCalcMethod(System.String)">
            <summary>
            Converts a calculation method string to a CurrencyCalcMethod enum.
            </summary>
            <param name="methodString">A calculation method string to be converted.</param>
            <returns>The converted CurrencyCalcMethod enum.</returns>
        </member>
        <member name="M:FlexSystem.V11.EnumConverter.ToCurrencyCalcMethodString(FlexSystem.V11.CurrencyCalcMethod)">
            <summary>
            Converts a CurrencyCalcMethod enum to a calculation method string.
            </summary>
            <param name="method"></param>
            <returns></returns>
        </member>
        <member name="M:FlexSystem.V11.EnumChecker.IsSet(System.Object,System.Enum)">
            <summary>
            Checks whether a value has set the specified enum flag.
            </summary>
            <param name="numericValue">The value to be evaluated. The underlying
            type of this value must be an integral type except Char.</param>
            <param name="flag">The flag enumerated constant to check
            against the numericValue.</param>
            <returns>If the flag enumerated constant is set in numericValue,
            it returns true. Otherwise return false.</returns>
        </member>
        <member name="M:FlexSystem.V11.EnumChecker.Remove(System.Object,System.Enum)">
            <summary>
            Removes an enum flag from a value.
            </summary>
            <param name="numericValue">The value to be removed the flag. The underlying
            type of this value must be an integral type except Char.</param>
            <param name="flag">The flag enumerated constant to check
            against the numericValue.</param>
            <returns>A value of numericValue that the enum flag is removed.</returns>
        </member>
        <member name="M:FlexSystem.V11.EnumChecker.GetValues``1">
            <summary>
            Retrieves an array of the values of the constants in a specified enumeration.
            </summary>
            <typeparam name="T">An enumeration type.</typeparam>
            <returns>An Array of the values of the constants in T. The elements of the array are sorted by the values of the enumeration constants.</returns>
        </member>
        <member name="F:FlexSystem.V11.Cryptography.UI.CertErrorForm.components">
            <summary>
            Required designer variable.
            </summary>
        </member>
        <member name="M:FlexSystem.V11.Cryptography.UI.CertErrorForm.Dispose(System.Boolean)">
            <summary>
            Clean up any resources being used.
            </summary>
            <param name="disposing">true if managed resources should be disposed; otherwise, false.</param>
        </member>
        <member name="M:FlexSystem.V11.Cryptography.UI.CertErrorForm.InitializeComponent">
            <summary>
            Required method for Designer support - do not modify
            the contents of this method with the code editor.
            </summary>
        </member>
        <member name="M:FlexSystem.V11.Environment.EnvDataBase.Initialize">
            <summary>
            Initialize the item collection.
            </summary>
        </member>
        <member name="M:FlexSystem.V11.Environment.EnvDataBase.ContainsKey(System.String)">
            <summary>
            Determines whether the EnvDataBase contains the specified key.
            </summary>
            <param name="key">The key of the element.</param>
            <returns>True if the EnvDataBase contains an element with the specified key; otherwise, false.</returns>
        </member>
        <member name="M:FlexSystem.V11.Environment.EnvDataBase.GetItemType(System.String)">
            <summary>
            Gets the data type of the specified key in the EnvDataBase.
            </summary>
            <param name="key">The key of the element.</param>
            <returns>The data type of the specified key. If the key is not found, a null is returned.</returns>
        </member>
        <member name="M:FlexSystem.V11.Environment.EnvDataBase.Remove(System.String)">
            <summary>
            Removes the value with the specified key from the EnvDataBase.
            </summary>
            <param name="key">The key of the element to remove.</param>
            <returns>True if the element is successfully found and removed; otherwise, false.
            This method returns false if key is not found in the environment.</returns>
        </member>
        <member name="P:FlexSystem.V11.Environment.EnvDataBase.Item(System.String)">
            <summary>
            Gets or sets value to the environment data.
            </summary>
            <param name="key">The key of the element.</param>
            <returns>The value associated with the specified key. If the specified key is not found, a get operation
            returns null, and a set operation creates a new element with the specified key. </returns>
        </member>
        <member name="P:FlexSystem.V11.Environment.EnvDataBase.Item(System.String,System.Object)">
            <summary>
            Gets value from the environment data.
            </summary>
            <param name="key">The key of the element.</param>
            <param name="defaultValue">The default value returned, if item cannot be found.</param>
            <returns>The value associated with the specified key. If the specified key is not found, a get operation
            returns null, and a set operation creates a new element with the specified key. </returns>
        </member>
        <member name="T:FlexSystem.V11.Properties.Resources">
            <summary>
              A strongly-typed resource class, for looking up localized strings, etc.
            </summary>
        </member>
        <member name="P:FlexSystem.V11.Properties.Resources.ResourceManager">
            <summary>
              Returns the cached ResourceManager instance used by this class.
            </summary>
        </member>
        <member name="P:FlexSystem.V11.Properties.Resources.Culture">
            <summary>
              Overrides the current thread's CurrentUICulture property for all
              resource lookups using this strongly typed resource class.
            </summary>
        </member>
        <member name="P:FlexSystem.V11.Properties.Resources.MsgCnNotMatch">
             <summary>
               Looks up a localized string similar to The security certificate presented by this server was issued for a different server&apos;s address.
            .
             </summary>
        </member>
        <member name="T:FlexSystem.V11.IO.BinaryFieldConverter">
            <summary>
            Providing conversion between primitive type arrays and byte arrays 
            that can save to and retrieve from the DC binary field.
            </summary>
        </member>
        <member name="M:FlexSystem.V11.IO.BinaryFieldConverter.ToBinFieldBytes(System.Int64[])">
            <summary>
            Converts an Int64 Array to a byte array for DC binary data field.
            </summary>
            <param name="values">The value to be converted.</param>
            <returns>An byte array for DC binary data field.</returns>
        </member>
        <member name="M:FlexSystem.V11.IO.BinaryFieldConverter.ToBinFieldBytes(System.UInt64[])">
            <summary>
            Converts an UInt64 Array to a byte array for DC binary data field.
            </summary>
            <param name="values">The value to be converted.</param>
            <returns>An byte array for DC binary data field.</returns>
        </member>
        <member name="M:FlexSystem.V11.IO.BinaryFieldConverter.ToBinFieldBytes(System.Int32[])">
            <summary>
            Converts an Int32 Array to a byte array for DC binary data field.
            </summary>
            <param name="values">The value to be converted.</param>
            <returns>An byte array for DC binary data field.</returns>
        </member>
        <member name="M:FlexSystem.V11.IO.BinaryFieldConverter.ToBinFieldBytes(System.UInt32[])">
            <summary>
            Converts an UInt32 Array to a byte array for DC binary data field.
            </summary>
            <param name="values">The value to be converted.</param>
            <returns>An byte array for DC binary data field.</returns>
        </member>
        <member name="M:FlexSystem.V11.IO.BinaryFieldConverter.ToBinFieldBytes(System.Int16[])">
            <summary>
            Converts an Int16 Array to a byte array for DC binary data field.
            </summary>
            <param name="values">The value to be converted.</param>
            <returns>An byte array for DC binary data field.</returns>
        </member>
        <member name="M:FlexSystem.V11.IO.BinaryFieldConverter.ToBinFieldBytes(System.UInt16[])">
            <summary>
            Converts an UInt16 Array to a byte array for DC binary data field.
            </summary>
            <param name="values">The value to be converted.</param>
            <returns>An byte array for DC binary data field.</returns>
        </member>
        <member name="M:FlexSystem.V11.IO.BinaryFieldConverter.ToBinFieldBytes(System.SByte[])">
            <summary>
            Converts a SByte Array to a byte array for DC binary data field.
            </summary>
            <param name="values">The value to be converted.</param>
            <returns>An byte array for DC binary data field.</returns>
        </member>
        <member name="M:FlexSystem.V11.IO.BinaryFieldConverter.ToBinFieldBytes(System.Byte[])">
            <summary>
            Converts a Byte Array to a byte array for DC binary data field.
            </summary>
            <param name="values">The value to be converted.</param>
            <returns>An byte array for DC binary data field.</returns>
        </member>
        <member name="M:FlexSystem.V11.IO.BinaryFieldConverter.ToBinFieldBytes(System.Decimal[])">
            <summary>
            Converts a Decimal Array to a byte array for DC binary data field.
            </summary>
            <param name="values">The value to be converted.</param>
            <returns>An byte array for DC binary data field.</returns>
        </member>
        <member name="M:FlexSystem.V11.IO.BinaryFieldConverter.ToBinFieldBytes(System.Char[])">
            <summary>
            Converts a Char Array to a byte array for DC binary data field.
            </summary>
            <param name="values">The value to be converted.</param>
            <returns>An byte array for DC binary data field.</returns>
        </member>
        <member name="M:FlexSystem.V11.IO.BinaryFieldConverter.ToBinFieldBytes(System.Boolean[])">
            <summary>
            Converts a Boolean Array to a byte array for DC binary data field.
            </summary>
            <param name="values">The value to be converted.</param>
            <returns>An byte array for DC binary data field.</returns>
        </member>
        <member name="M:FlexSystem.V11.IO.BinaryFieldConverter.ToInt64Array(System.Byte[])">
            <summary>
            Converts a DC binary data field byte array to an Int64 array.
            </summary>
            <param name="bytes">The byte array to be converted.</param>
            <returns>An Int64 array in the DC binary field.</returns>
        </member>
        <member name="M:FlexSystem.V11.IO.BinaryFieldConverter.ToInt64Array(System.Byte[],System.Int32)">
            <summary>
            Converts a DC binary data field byte array to an Int64 array.
            </summary>
            <param name="bytes">The byte array to be converted.</param>
            <param name="defaultLength">Number of elements of primitive array to
            be returned if the input byte array is null or contain no elements.</param>
            <returns>An Int64 array in the DC binary field.</returns>
        </member>
        <member name="M:FlexSystem.V11.IO.BinaryFieldConverter.ToUInt64Array(System.Byte[])">
            <summary>
            Converts a DC binary data field byte array to an UInt64 array.
            </summary>
            <param name="bytes">The byte array to be converted.</param>
            <returns>An UInt64 array in the DC binary field.</returns>
        </member>
        <member name="M:FlexSystem.V11.IO.BinaryFieldConverter.ToUInt64Array(System.Byte[],System.Int32)">
            <summary>
            Converts a DC binary data field byte array to an UInt64 array.
            </summary>
            <param name="bytes">The byte array to be converted.</param>
            <param name="defaultLength">Number of elements of primitive array to
            be returned if the input byte array is null or contain no elements.</param>
            <returns>An UInt64 array in the DC binary field.</returns>
        </member>
        <member name="M:FlexSystem.V11.IO.BinaryFieldConverter.ToInt32Array(System.Byte[])">
            <summary>
            Converts a DC binary data field byte array to an Int32 array.
            </summary>
            <param name="bytes">The byte array to be converted.</param>
            <returns>An Int32 array in the DC binary field.</returns>
        </member>
        <member name="M:FlexSystem.V11.IO.BinaryFieldConverter.ToInt32Array(System.Byte[],System.Int32)">
            <summary>
            Converts a DC binary data field byte array to an Int32 array.
            </summary>
            <param name="bytes">The byte array to be converted.</param>
            <param name="defaultLength">Number of elements of primitive array to
            be returned if the input byte array is null or contain no elements.</param>
            <returns>An Int32 array in the DC binary field.</returns>
        </member>
        <member name="M:FlexSystem.V11.IO.BinaryFieldConverter.ToUInt32Array(System.Byte[])">
            <summary>
            Converts a DC binary data field byte array to an UInt32 array.
            </summary>
            <param name="bytes">The byte array to be converted.</param>
            <returns>An UInt32 array in the DC binary field.</returns>
        </member>
        <member name="M:FlexSystem.V11.IO.BinaryFieldConverter.ToUInt32Array(System.Byte[],System.Int32)">
            <summary>
            Converts a DC binary data field byte array to an UInt32 array.
            </summary>
            <param name="bytes">The byte array to be converted.</param>
            <param name="defaultLength">Number of elements of primitive array to
            be returned if the input byte array is null or contain no elements.</param>
            <returns>An UInt32 array in the DC binary field.</returns>
        </member>
        <member name="M:FlexSystem.V11.IO.BinaryFieldConverter.ToInt16Array(System.Byte[])">
            <summary>
            Converts a DC binary data field byte array to an Int16 array.
            </summary>
            <param name="bytes">The byte array to be converted.</param>
            <returns>An Int16 array in the DC binary field.</returns>
        </member>
        <member name="M:FlexSystem.V11.IO.BinaryFieldConverter.ToInt16Array(System.Byte[],System.Int32)">
            <summary>
            Converts a DC binary data field byte array to an Int16 array.
            </summary>
            <param name="bytes">The byte array to be converted.</param>
            <param name="defaultLength">Number of elements of primitive array to
            be returned if the input byte array is null or contain no elements.</param>
            <returns>An Int16 array in the DC binary field.</returns>
        </member>
        <member name="M:FlexSystem.V11.IO.BinaryFieldConverter.ToUInt16Array(System.Byte[])">
            <summary>
            Converts a DC binary data field byte array to an UInt16 array.
            </summary>
            <param name="bytes">The byte array to be converted.</param>
            <returns>An UInt16 array in the DC binary field.</returns>
        </member>
        <member name="M:FlexSystem.V11.IO.BinaryFieldConverter.ToUInt16Array(System.Byte[],System.Int32)">
            <summary>
            Converts a DC binary data field byte array to an UInt16 array.
            </summary>
            <param name="bytes">The byte array to be converted.</param>
            <param name="defaultLength">Number of elements of primitive array to
            be returned if the input byte array is null or contain no elements.</param>
            <returns>An UInt16 array in the DC binary field.</returns>
        </member>
        <member name="M:FlexSystem.V11.IO.BinaryFieldConverter.ToSByteArray(System.Byte[])">
            <summary>
            Converts a DC binary data field byte array to a SByte array.
            </summary>
            <param name="bytes">The byte array to be converted.</param>
            <returns>A SByte array in the DC binary field.</returns>
        </member>
        <member name="M:FlexSystem.V11.IO.BinaryFieldConverter.ToSByteArray(System.Byte[],System.Int32)">
            <summary>
            Converts a DC binary data field byte array to a SByte array.
            </summary>
            <param name="bytes">The byte array to be converted.</param>
            <param name="defaultLength">Number of elements of primitive array to
            be returned if the input byte array is null or contain no elements.</param>
            <returns>A SByte array in the DC binary field.</returns>
        </member>
        <member name="M:FlexSystem.V11.IO.BinaryFieldConverter.ToByteArray(System.Byte[])">
            <summary>
            Converts a DC binary data field byte array to a Byte array.
            </summary>
            <param name="bytes">The byte array to be converted.</param>
            <returns>A Byte array in the DC binary field.</returns>
        </member>
        <member name="M:FlexSystem.V11.IO.BinaryFieldConverter.ToByteArray(System.Byte[],System.Int32)">
            <summary>
            Converts a DC binary data field byte array to a Byte array.
            </summary>
            <param name="bytes">The byte array to be converted.</param>
            <param name="defaultLength">Number of elements of primitive array to
            be returned if the input byte array is null or contain no elements.</param>
            <returns>A Byte array in the DC binary field.</returns>
        </member>
        <member name="M:FlexSystem.V11.IO.BinaryFieldConverter.ToDecimalArray(System.Byte[])">
            <summary>
            Converts a DC binary data field byte array to a Decimal array.
            </summary>
            <param name="bytes">The byte array to be converted.</param>
            <returns>A Decimal array in the DC binary field.</returns>
        </member>
        <member name="M:FlexSystem.V11.IO.BinaryFieldConverter.ToDecimalArray(System.Byte[],System.Int32)">
            <summary>
            Converts a DC binary data field byte array to a Decimal array.
            </summary>
            <param name="bytes">The byte array to be converted.</param>
            <param name="defaultLength">Number of elements of primitive array to
            be returned if the input byte array is null or contain no elements.</param>
            <returns>A Decimal array in the DC binary field.</returns>
        </member>
        <member name="M:FlexSystem.V11.IO.BinaryFieldConverter.ToCharArray(System.Byte[])">
            <summary>
            Converts a DC binary data field byte array to a Char array.
            </summary>
            <param name="bytes">The byte array to be converted.</param>
            <returns>A Char array in the DC binary field.</returns>
        </member>
        <member name="M:FlexSystem.V11.IO.BinaryFieldConverter.ToCharArray(System.Byte[],System.Int32)">
            <summary>
            Converts a DC binary data field byte array to a Char array.
            </summary>
            <param name="bytes">The byte array to be converted.</param>
            <param name="defaultLength">Number of elements of primitive array to
            be returned if the input byte array is null or contain no elements.</param>
            <returns>A Char array in the DC binary field.</returns>
        </member>
        <member name="M:FlexSystem.V11.IO.BinaryFieldConverter.ToBooleanArray(System.Byte[])">
            <summary>
            Converts a DC binary data field byte array to a Boolean array.
            </summary>
            <param name="bytes">The byte array to be converted.</param>
            <returns>A Boolean array in the DC binary field.</returns>
        </member>
        <member name="M:FlexSystem.V11.IO.BinaryFieldConverter.ToBooleanArray(System.Byte[],System.Int32)">
            <summary>
            Converts a DC binary data field byte array to a Boolean array.
            </summary>
            <param name="bytes">The byte array to be converted.</param>
            <param name="defaultLength">Number of elements of primitive array to
            be returned if the input byte array is null or contain no elements.</param>
            <returns>A Boolean array in the DC binary field.</returns>
        </member>
        <member name="M:FlexSystem.V11.IO.BinaryFieldConverter.GetCapacity(FlexSystem.V11.BinaryFieldContent,System.Int32)">
            <summary>
            Calculates the maximum number of array items that can store in a given byte length.
            </summary>
            <param name="type">Array content data type.</param>
            <param name="bytesLength">Length of the byte array.</param>
            <returns>The maximum number of array items can be stored.</returns>
        </member>
        <member name="M:FlexSystem.V11.IO.BinaryFieldConverter.GetRequiredByteLength(FlexSystem.V11.BinaryFieldContent,System.Int32)">
            <summary>
            Gets the required number of bytes to store the contents.
            </summary>
            <param name="type">Array content data type.</param>
            <param name="itemCount">Number of items in an array to be stored.</param>
            <returns>Nunber of bytes required to store the contents.</returns>
        </member>
        <member name="M:FlexSystem.V11.IO.BinaryFieldConverter.PeekContentType(System.Byte[])">
            <summary>
            Peeks the content type of a given byte array.
            </summary>
            <param name="bytes">The byte array to peek.</param>
            <returns>The array content type.</returns>
        </member>
        <member name="T:FlexSystem.V11.NonDataSetType">
            <summary>
            The NonDataSetType is to specify how the I/O program opens a non-dataset table.
            </summary>
        </member>
        <member name="F:FlexSystem.V11.NonDataSetType.NonSetCompany">
            <summary>
            The class does not support data set, and the table is stored in the company database.
            </summary>
        </member>
        <member name="F:FlexSystem.V11.NonDataSetType.NonSetCOM">
            <summary>
            The class does not support data set, and the table is stored in the "COM" database.
            </summary>
        </member>
        <member name="T:FlexSystem.V11.DataSetType">
            <summary>
            The DataSetType is to specify how the I/O program opens a dataset table.
            </summary>
        </member>
        <member name="F:FlexSystem.V11.DataSetType.SetCompany">
            <summary>
            Table is stored in the company database.
            Data is does not belong to any data set, company ID is appended as suffix to the table name.
            </summary>
        </member>
        <member name="F:FlexSystem.V11.DataSetType.SetCOM">
            <summary>
            Table is stored in the "COM" database.
            Data is belongs to the common data set, suffix "COM" is appended to the table name.
            </summary>
        </member>
        <member name="F:FlexSystem.V11.DataSetType.Set0">
            <summary>
            Table is stored in the "COM" database.
            Data is belongs to the data set "0", suffix "CM0" is appended to the table name.
            </summary>
        </member>
        <member name="F:FlexSystem.V11.DataSetType.Set1">
            <summary>
            Table is stored in the "COM" database.
            Data is belongs to the data set "1", suffix "CM1" is appended to the table name.
            </summary>
        </member>
        <member name="F:FlexSystem.V11.DataSetType.Set2">
            <summary>
            Table is stored in the "COM" database.
            Data is belongs to the data set "2", suffix "CM2" is appended to the table name.
            </summary>
        </member>
        <member name="F:FlexSystem.V11.DataSetType.Set3">
            <summary>
            Table is stored in the "COM" database.
            Data is belongs to the data set "3", suffix "CM3" is appended to the table name.
            </summary>
        </member>
        <member name="F:FlexSystem.V11.DataSetType.Set4">
            <summary>
            Table is stored in the "COM" database.
            Data is belongs to the data set "4", suffix "CM4" is appended to the table name.
            </summary>
        </member>
        <member name="F:FlexSystem.V11.DataSetType.Set5">
            <summary>
            Table is stored in the "COM" database.
            Data is belongs to the data set "5", suffix "CM5" is appended to the table name.
            </summary>
        </member>
        <member name="F:FlexSystem.V11.DataSetType.Set6">
            <summary>
            Table is stored in the "COM" database.
            Data is belongs to the data set "6", suffix "CM6" is appended to the table name.
            </summary>
        </member>
        <member name="F:FlexSystem.V11.DataSetType.Set7">
            <summary>
            Table is stored in the "COM" database.
            Data is belongs to the data set "7", suffix "CM7" is appended to the table name.
            </summary>
        </member>
        <member name="F:FlexSystem.V11.DataSetType.Set8">
            <summary>
            Table is stored in the "COM" database.
            Data is belongs to the data set "8", suffix "CM8" is appended to the table name.
            </summary>
        </member>
        <member name="F:FlexSystem.V11.DataSetType.Set9">
            <summary>
            Table is stored in the "COM" database.
            Data is belongs to the data set "Z", suffix "CM9" is appended to the table name.
            </summary>
        </member>
        <member name="F:FlexSystem.V11.DataSetType.SetA">
            <summary>
            Table is stored in the "COM" database.
            Data is belongs to the data set "A", suffix "CMA" is appended to the table name.
            </summary>
        </member>
        <member name="F:FlexSystem.V11.DataSetType.SetB">
            <summary>
            Table is stored in the "COM" database.
            Data is belongs to the data set "B", suffix "CMB" is appended to the table name.
            </summary>
        </member>
        <member name="F:FlexSystem.V11.DataSetType.SetC">
            <summary>
            Table is stored in the "COM" database.
            Data is belongs to the data set "C", suffix "CMC" is appended to the table name.
            </summary>
        </member>
        <member name="F:FlexSystem.V11.DataSetType.SetD">
            <summary>
            Table is stored in the "COM" database.
            Data is belongs to the data set "D", suffix "CMD" is appended to the table name.
            </summary>
        </member>
        <member name="F:FlexSystem.V11.DataSetType.SetE">
            <summary>
            Table is stored in the "COM" database.
            Data is belongs to the data set "E", suffix "CME" is appended to the table name.
            </summary>
        </member>
        <member name="F:FlexSystem.V11.DataSetType.SetF">
            <summary>
            Table is stored in the "COM" database.
            Data is belongs to the data set "F", suffix "CMF" is appended to the table name.
            </summary>
        </member>
        <member name="F:FlexSystem.V11.DataSetType.SetG">
            <summary>
            Table is stored in the "COM" database.
            Data is belongs to the data set "G", suffix "CMG" is appended to the table name.
            </summary>
        </member>
        <member name="F:FlexSystem.V11.DataSetType.SetH">
            <summary>
            Table is stored in the "COM" database.
            Data is belongs to the data set "H", suffix "CMH" is appended to the table name.
            </summary>
        </member>
        <member name="F:FlexSystem.V11.DataSetType.SetI">
            <summary>
            Table is stored in the "COM" database.
            Data is belongs to the data set "I", suffix "CMI" is appended to the table name.
            </summary>
        </member>
        <member name="F:FlexSystem.V11.DataSetType.SetJ">
            <summary>
            Table is stored in the "COM" database.
            Data is belongs to the data set "J", suffix "CMJ" is appended to the table name.
            </summary>
        </member>
        <member name="F:FlexSystem.V11.DataSetType.SetK">
            <summary>
            Table is stored in the "COM" database.
            Data is belongs to the data set "K", suffix "CMK" is appended to the table name.
            </summary>
        </member>
        <member name="F:FlexSystem.V11.DataSetType.SetL">
            <summary>
            Table is stored in the "COM" database.
            Data is belongs to the data set "L", suffix "CML" is appended to the table name.
            </summary>
        </member>
        <member name="F:FlexSystem.V11.DataSetType.SetM">
            <summary>
            Table is stored in the "COM" database.
            Data is belongs to the data set "M", suffix "CMM" is appended to the table name.
            </summary>
        </member>
        <member name="F:FlexSystem.V11.DataSetType.SetN">
            <summary>
            Table is stored in the "COM" database.
            Data is belongs to the data set "N", suffix "CMN" is appended to the table name.
            </summary>
        </member>
        <member name="F:FlexSystem.V11.DataSetType.SetO">
            <summary>
            Table is stored in the "COM" database.
            Data is belongs to the data set "O", suffix "CMO" is appended to the table name.
            </summary>
        </member>
        <member name="F:FlexSystem.V11.DataSetType.SetP">
            <summary>
            Table is stored in the "COM" database.
            Data is belongs to the data set "P", suffix "CMP" is appended to the table name.
            </summary>
        </member>
        <member name="F:FlexSystem.V11.DataSetType.SetQ">
            <summary>
            Table is stored in the "COM" database.
            Data is belongs to the data set "Q", suffix "CMQ" is appended to the table name.
            </summary>
        </member>
        <member name="F:FlexSystem.V11.DataSetType.SetR">
            <summary>
            Table is stored in the "COM" database.
            Data is belongs to the data set "R", suffix "CMR" is appended to the table name.
            </summary>
        </member>
        <member name="F:FlexSystem.V11.DataSetType.SetS">
            <summary>
            Table is stored in the "COM" database.
            Data is belongs to the data set "S", suffix "CMS" is appended to the table name.
            </summary>
        </member>
        <member name="F:FlexSystem.V11.DataSetType.SetT">
            <summary>
            Table is stored in the "COM" database.
            Data is belongs to the data set "T", suffix "CMT" is appended to the table name.
            </summary>
        </member>
        <member name="F:FlexSystem.V11.DataSetType.SetU">
            <summary>
            Table is stored in the "COM" database.
            Data is belongs to the data set "U", suffix "CMU" is appended to the table name.
            </summary>
        </member>
        <member name="F:FlexSystem.V11.DataSetType.SetV">
            <summary>
            Table is stored in the "COM" database.
            Data is belongs to the data set "V", suffix "CMV" is appended to the table name.
            </summary>
        </member>
        <member name="F:FlexSystem.V11.DataSetType.SetW">
            <summary>
            Table is stored in the "COM" database.
            Data is belongs to the data set "W", suffix "CMW" is appended to the table name.
            </summary>
        </member>
        <member name="F:FlexSystem.V11.DataSetType.SetX">
            <summary>
            Table is stored in the "COM" database.
            Data is belongs to the data set "X", suffix "CMX" is appended to the table name.
            </summary>
        </member>
        <member name="F:FlexSystem.V11.DataSetType.SetY">
            <summary>
            Table is stored in the "COM" database.
            Data is belongs to the data set "Y", suffix "CMY" is appended to the table name.
            </summary>
        </member>
        <member name="F:FlexSystem.V11.DataSetType.SetZ">
            <summary>
            Table is stored in the "COM" database.
            Data is belongs to the data set "Z", suffix "CMZ" is appended to the table name.
            </summary>
        </member>
        <member name="F:FlexSystem.V11.TaskTriggerResult.Success">
            <summary>
            The task is created and sent to the receipients.
            </summary>
        </member>
        <member name="F:FlexSystem.V11.TaskTriggerResult.TaskMasterNotFound">
            <summary>
            The event does not defined in the task master maintenance.
            </summary>
        </member>
        <member name="F:FlexSystem.V11.TaskTriggerResult.TaskDefinitionNotFound">
            <summary>
            The event does not defined in the task definition maintenance.
            </summary>
        </member>
        <member name="F:FlexSystem.V11.TaskTriggerResult.UserTaskDefinitionNotSet">
            <summary>
            The task definition code not set in the user profile.
            </summary>
        </member>
        <member name="F:FlexSystem.V11.TaskTriggerResult.ConditionNotFulfill">
            <summary>
            The rules defined in the task master maintenance are not fulfilled.
            </summary>
        </member>
        <member name="F:FlexSystem.V11.TaskTriggerResult.NoHandle">
            <summary>
            Cannot load TaskEvent
            </summary>
        </member>
        <member name="F:FlexSystem.V11.ApplicationModules.None">
            <summary>
            None
            </summary>
        </member>
        <member name="F:FlexSystem.V11.ApplicationModules.Account">
            <summary>
            Financial Management System
            </summary>
        </member>
        <member name="F:FlexSystem.V11.ApplicationModules.ELeave">
            <summary>
            Employee Self Service
            </summary>
        </member>
        <member name="F:FlexSystem.V11.ApplicationModules.HR">
            <summary>
            Human Resource Management System
            </summary>
        </member>
        <member name="F:FlexSystem.V11.ApplicationModules.BMS">
            <summary>
            Business Management System
            </summary>
        </member>
        <member name="F:FlexSystem.V11.ApplicationModules.PMS">
            <summary>
            Property Management System
            </summary>
        </member>
        <member name="F:FlexSystem.V11.ApplicationModules.TMS">
            <summary>
            Trading Management System
            </summary>
        </member>
        <member name="F:FlexSystem.V11.ApplicationModules.SO">
            <summary>
            Sales Order Management
            </summary>
        </member>
        <member name="F:FlexSystem.V11.ApplicationModules.PO">
            <summary>
            Purchase Order Management
            </summary>
        </member>
        <member name="F:FlexSystem.V11.ApplicationModules.InventoryControl">
            <summary>
            Inventory Control
            </summary>
        </member>
        <member name="F:FlexSystem.V11.ApplicationModules.MaterialControl">
            <summary>
            Material Control
            </summary>
        </member>
        <member name="F:FlexSystem.V11.ApplicationModules.MRP">
            <summary>
            Material Requirement Planning
            </summary>
        </member>
        <member name="F:FlexSystem.V11.ApplicationModules.MPS">
            <summary>
            Material Production Schedule
            </summary>
        </member>
        <member name="F:FlexSystem.V11.ApplicationModules.FA">
            <summary>
            Fixed Assets Management System
            </summary>
        </member>
        <member name="F:FlexSystem.V11.ApplicationModules.Customized1">
            <summary>
            Customized Module 1
            </summary>
        </member>
        <member name="F:FlexSystem.V11.ApplicationModules.Customized2">
            <summary>
            Customized Module 2
            </summary>
        </member>
        <member name="F:FlexSystem.V11.ApplicationModules.AppService">
            <summary>
            AppService
            </summary>
        </member>
        <member name="F:FlexSystem.V11.ApplicationModules.System">
            <summary>
            System Module
            </summary>
        </member>
        <member name="T:FlexSystem.V11.IO.IOBase">
            <summary>
            The base class of an I/O that accessing the data server.
            </summary>
            <remarks>
            If <code>dataSet</code> parameter is passed to the constructor, it packs the 
            data set to the table name with a 'CM' prefix.
            Eg. Data set is "A", and the class ID is 'Table1', the table name will be 'Table1CMA'.
            If the data set is a space, class ID followed by the database name will be the table name.
            Eg. Database name is 'COM' and the class ID is 'Table1', the table name will become 'Table1COM'.
            </remarks>
        </member>
        <member name="M:FlexSystem.V11.IO.IOBase.#ctor(FlexSystem.Data.DataConnection.FxDMConnector,System.String,System.String,FlexSystem.V11.DataSetType,System.String)">
            <summary>
            Create an instance of IOBase class.
            </summary>
            <param name="dcConnector">The connector connected to the data server.</param>
            <param name="classID">Class ID defined in the DDF.</param>
            <param name="tableNameFormat">Format of the table name.</param>
            <param name="dataSetType">The data set type.</param>
            <param name="dbName">Database name.</param>
        </member>
        <member name="M:FlexSystem.V11.IO.IOBase.#ctor(FlexSystem.Data.DataConnection.FxDMConnector,System.String,System.String,FlexSystem.V11.DataSetType)">
            <summary>
            Create an instance of IOBase class. If value of dataSetType is
            DataSetType.SetCompany, it uses the company ID in the current session.
            </summary>
            <param name="dcConnector">The connector connected to the data server.</param>
            <param name="classID">Class ID defined in the DDF.</param>
            <param name="tableNameFormat">Format of the table name.</param>
            <param name="dataSetType">The data set type.</param>
        </member>
        <member name="M:FlexSystem.V11.IO.IOBase.#ctor(FlexSystem.Data.DataConnection.FxDMConnector,System.String,System.String,FlexSystem.V11.NonDataSetType,System.String)">
            <summary>
            Create an instance of IOBase class.
            </summary>
            <param name="dcConnector">The connector connected to the data server.</param>
            <param name="classID">Class ID defined in the DDF.</param>
            <param name="tableNameFormat">Format of the table name.</param>
            <param name="nonDataSetType">The non data set type.</param>
            <param name="dbName">Database name.</param>
        </member>
        <member name="M:FlexSystem.V11.IO.IOBase.#ctor(FlexSystem.Data.DataConnection.FxDMConnector,System.String,System.String,FlexSystem.V11.NonDataSetType)">
            <summary>
            Create an instance of IOBase class. If value of dataSetType is
            NonDataSetType.NonSetCompany, it uses the company ID in the current session.
            </summary>
            <param name="dcConnector">The connector connected to the data server.</param>
            <param name="classID">Class ID defined in the DDF.</param>
            <param name="tableNameFormat">Format of the table name.</param>
            <param name="nonDataSetType">The non data set type.</param>
        </member>
        <member name="M:FlexSystem.V11.IO.IOBase.#ctor(System.String,System.String,FlexSystem.V11.DataSetType,System.String)">
            <summary>
            Create an instance of IOBase class.
            It uses the DataServerConnector in the current unit environment to connect to the data server.
            </summary>
            <param name="classID">Class ID defined in the DDF.</param>
            <param name="tableNameFormat">Format of the table name.</param>
            <param name="dataSetType">The data set type.</param>
            <param name="dbName">Database name.</param>
        </member>
        <member name="M:FlexSystem.V11.IO.IOBase.#ctor(System.String,System.String,FlexSystem.V11.DataSetType)">
            <summary>
            Create an instance of IOBase class. If value of dataSetType is
            DataSetType.SetCompany, it uses the company ID in the current session.
            It uses the DataServerConnector in the current unit environment to connect to the data server.
            </summary>
            <param name="classID">Class ID defined in the DDF.</param>
            <param name="tableNameFormat">Format of the table name.</param>
            <param name="dataSetType">The data set type.</param>
        </member>
        <member name="M:FlexSystem.V11.IO.IOBase.#ctor(System.String,System.String,FlexSystem.V11.NonDataSetType,System.String)">
            <summary>
            Create an instance of IOBase class.
            It uses the DataServerConnector in the current unit environment to connect to the data server.
            </summary>
            <param name="classID">Class ID defined in the DDF.</param>
            <param name="tableNameFormat">Format of the table name.</param>
            <param name="nonDataSetType">The non data set type.</param>
            <param name="dbName">Database name.</param>
        </member>
        <member name="M:FlexSystem.V11.IO.IOBase.#ctor(System.String,System.String,FlexSystem.V11.NonDataSetType)">
            <summary>
            Create an instance of IOBase class. If value of dataSetType is
            NonDataSetType.NonSetCompany, it uses the company ID in the current session.
            It uses the DataServerConnector in the current unit environment to connect to the data server.
            </summary>
            <param name="classID">Class ID defined in the DDF.</param>
            <param name="tableNameFormat">Format of the table name.</param>
            <param name="nonDataSetType">The non data set type.</param>
        </member>
        <member name="M:FlexSystem.V11.IO.IOBase.OpenTable">
            <summary>
            Open the data table.
            </summary>
            <returns>The status of this action. When success, returns FxAccess.OK</returns>
        </member>
        <member name="M:FlexSystem.V11.IO.IOBase.OpenTableInput">
            <summary>
            Open the data table in input mode.
            </summary>
            <returns>The status of this action. When success, returns FxAccess.OK</returns>
        </member>
        <member name="M:FlexSystem.V11.IO.IOBase.GetObject(System.Int32)">
            <summary>
            Gets the content of the specified column of the current record.
            </summary>
            <param name="index">Column Index.</param>
            <returns>Value of the specified field.</returns>
        </member>
        <member name="M:FlexSystem.V11.IO.IOBase.GetObject(System.String)">
            <summary>
            Gets the content of the specified column of the current record.
            </summary>
            <param name="columnName">Column name.</param>
            <returns>Value of the specified field.</returns>
        </member>
        <member name="M:FlexSystem.V11.IO.IOBase.Write">
            <summary>
            Writes a record to the table.
            </summary>
            <returns>The status of this action. When success, returns FxAccess.OK</returns>
        </member>
        <member name="M:FlexSystem.V11.IO.IOBase.Rewrite">
            <summary>
            Updates a record in the table.
            </summary>
            <returns>The status of this action. When success, returns FxAccess.OK</returns>
        </member>
        <member name="M:FlexSystem.V11.IO.IOBase.GetDataTableDataSourceAttribute">
            <summary>
            Gets DataSource attribute from FlexSystem.Data.DataAccess.DataTable class.
            If the DataTable is a Isam data table, the value of DataSourceAttribute.DataSource is equal to 'ISAM'.
            </summary>
            <returns>The DataSource attribute if the DataTable has defined, otherwise, it returns null.</returns>
        </member>
        <member name="M:FlexSystem.V11.IO.IOBase.IsIsamDataTable">
            <summary>
            Checks whether or not the FlexSystem.Data.DataAccess.DataTable class is an Isam data table.
            </summary>
            <returns>True, if FlexSystem.Data.DataAccess.DataTable class is an Isam data table. Otherwise, false.</returns>
        </member>
        <member name="M:FlexSystem.V11.IO.IOBase.GetServerStatus(FlexSystem.Data.DataConnection.FxDMConnector)">
            <summary>
            Gets the server status.
            </summary>
            <param name="connector">The data connection.</param>
            <returns>The server status</returns>
        </member>
        <member name="M:FlexSystem.V11.IO.IOBase.Initialize">
            <summary>
            When override, initializes the class and assign values to
            ioMaintenanceProgramID, ioReportProgramID and ioListProgramID
            </summary>
        </member>
        <member name="M:FlexSystem.V11.IO.IOBase.AddColumnNames">
            <summary>
            When override, add field names to the columnNameList.
            </summary>
        </member>
        <member name="F:FlexSystem.V11.IO.IOBase.ioDbName">
            <summary>
            The databse name that this I/O will use.
            </summary>
        </member>
        <member name="F:FlexSystem.V11.IO.IOBase.ioTableName">
            <summary>
            The table name that this I/O will open.
            </summary>
        </member>
        <member name="F:FlexSystem.V11.IO.IOBase.ioClassID">
            <summary>
            The class ID that this I/O will use.
            </summary>
        </member>
        <member name="F:FlexSystem.V11.IO.IOBase.ioMaintenanceProgramID">
            <summary>
            The default Maintenance Program Name.
            </summary>
        </member>
        <member name="F:FlexSystem.V11.IO.IOBase.ioReportProgramID">
            <summary>
            The default Report Program Name.
            </summary>
        </member>
        <member name="F:FlexSystem.V11.IO.IOBase.ioListProgramID">
            <summary>
            The default List Program Name.
            </summary>
        </member>
        <member name="F:FlexSystem.V11.IO.IOBase.columnNameList">
            <summary>
            Column name list of the class.
            </summary>
        </member>
        <member name="F:FlexSystem.V11.IO.IOBase.tableNameParams">
            <summary>
            The parameters of the table name used.
            </summary>
        </member>
        <member name="F:FlexSystem.V11.IO.IOBase.serverEnv">
            <summary>
            Environment data for the current server.
            </summary>
        </member>
        <member name="F:FlexSystem.V11.IO.IOBase.sessionEnv">
            <summary>
            Environment data for the current session.
            </summary>
        </member>
        <member name="F:FlexSystem.V11.IO.IOBase.unitEnv">
            <summary>
            Environment data for the current unit.
            </summary>
        </member>
        <member name="F:FlexSystem.V11.IO.IOBase.isUpdateCreateInfo">
            <summary>
            Flag to control update creation info. or not when insert record.
            </summary>
        </member>
        <member name="F:FlexSystem.V11.IO.IOBase.isUpdateLastUpdInfoWhenCreate">
            <summary>
            Flag to control update last update info or not when insert record.
            </summary>
        </member>
        <member name="F:FlexSystem.V11.IO.IOBase.isUpdateLastUpdateInfo">
            <summary>
            Flag to control update last update info. or not when amend record.
            </summary>
        </member>
        <member name="P:FlexSystem.V11.IO.IOBase.DbName">
            <summary>
            Gets the databse name that this I/O will use.
            </summary>
        </member>
        <member name="P:FlexSystem.V11.IO.IOBase.TableName">
            <summary>
            Gets the table name that this I/O will open. This property does not support set.
            </summary>
        </member>
        <member name="P:FlexSystem.V11.IO.IOBase.ClassID">
            <summary>
            Gets the class ID that this I/O will use. This property does not support set.
            </summary>
        </member>
        <member name="P:FlexSystem.V11.IO.IOBase.MaintenanceProgramID">
            <summary>
            Gets the default Maintenance Program Name.
            </summary>
        </member>
        <member name="P:FlexSystem.V11.IO.IOBase.ReportProgramID">
            <summary>
            Gets the default Report Program Name.
            </summary>
        </member>
        <member name="P:FlexSystem.V11.IO.IOBase.ListProgramID">
            <summary>
            Gets the default List Program Name.
            </summary>
        </member>
        <member name="P:FlexSystem.V11.IO.IOBase.TableNameParams">
            <summary>
            Gets the parameters of the table name used.
            </summary>
        </member>
        <member name="P:FlexSystem.V11.IO.IOBase.IsUpdateCreateInfo">
            <summary>
            Gets or sets the flag to control update creation info. or not when insert record.
            </summary>
        </member>
        <member name="P:FlexSystem.V11.IO.IOBase.IsUpdateLastUpdInfoWhenCreate">
            <summary>
            Gets or sets the flag to control update last update info. or not when insert record.
            </summary>
        </member>
        <member name="P:FlexSystem.V11.IO.IOBase.IsUpdateLastUpdateInfo">
            <summary>
            Gets or sets the flag to control update last update info. or not when amend record.
            </summary>
        </member>
    </members>
</doc>
