<?xml version="1.0"?>
<doc>
    <assembly>
        <name>FlexSystem.Rpt</name>
    </assembly>
    <members>
        <member name="M:FlexSystem.Rpt.FormatLoader.Dispose">
            <summary>
            Releases all resources used by the AppBase.
            </summary>
        </member>
        <member name="F:FlexSystem.Rpt.FormatLoader.DeviceCap.DRIVERVERSION">
            <summary>
            Device driver version
            </summary>
        </member>
        <member name="F:FlexSystem.Rpt.FormatLoader.DeviceCap.TECHNOLOGY">
            <summary>
            Device classification
            </summary>
        </member>
        <member name="F:FlexSystem.Rpt.FormatLoader.DeviceCap.HORZSIZE">
            <summary>
            Horizontal size in millimeters
            </summary>
        </member>
        <member name="F:FlexSystem.Rpt.FormatLoader.DeviceCap.VERTSIZE">
            <summary>
            Vertical size in millimeters
            </summary>
        </member>
        <member name="F:FlexSystem.Rpt.FormatLoader.DeviceCap.HORZRES">
            <summary>
            Horizontal width in pixels
            </summary>
        </member>
        <member name="F:FlexSystem.Rpt.FormatLoader.DeviceCap.VERTRES">
            <summary>
            Vertical height in pixels
            </summary>
        </member>
        <member name="F:FlexSystem.Rpt.FormatLoader.DeviceCap.BITSPIXEL">
            <summary>
            Number of bits per pixel
            </summary>
        </member>
        <member name="F:FlexSystem.Rpt.FormatLoader.DeviceCap.PLANES">
            <summary>
            Number of planes
            </summary>
        </member>
        <member name="F:FlexSystem.Rpt.FormatLoader.DeviceCap.NUMBRUSHES">
            <summary>
            Number of brushes the device has
            </summary>
        </member>
        <member name="F:FlexSystem.Rpt.FormatLoader.DeviceCap.NUMPENS">
            <summary>
            Number of pens the device has
            </summary>
        </member>
        <member name="F:FlexSystem.Rpt.FormatLoader.DeviceCap.NUMMARKERS">
            <summary>
            Number of markers the device has
            </summary>
        </member>
        <member name="F:FlexSystem.Rpt.FormatLoader.DeviceCap.NUMFONTS">
            <summary>
            Number of fonts the device has
            </summary>
        </member>
        <member name="F:FlexSystem.Rpt.FormatLoader.DeviceCap.NUMCOLORS">
            <summary>
            Number of colors the device supports
            </summary>
        </member>
        <member name="F:FlexSystem.Rpt.FormatLoader.DeviceCap.PDEVICESIZE">
            <summary>
            Size required for device descriptor
            </summary>
        </member>
        <member name="F:FlexSystem.Rpt.FormatLoader.DeviceCap.CURVECAPS">
            <summary>
            Curve capabilities
            </summary>
        </member>
        <member name="F:FlexSystem.Rpt.FormatLoader.DeviceCap.LINECAPS">
            <summary>
            Line capabilities
            </summary>
        </member>
        <member name="F:FlexSystem.Rpt.FormatLoader.DeviceCap.POLYGONALCAPS">
            <summary>
            Polygonal capabilities
            </summary>
        </member>
        <member name="F:FlexSystem.Rpt.FormatLoader.DeviceCap.TEXTCAPS">
            <summary>
            Text capabilities
            </summary>
        </member>
        <member name="F:FlexSystem.Rpt.FormatLoader.DeviceCap.CLIPCAPS">
            <summary>
            Clipping capabilities
            </summary>
        </member>
        <member name="F:FlexSystem.Rpt.FormatLoader.DeviceCap.RASTERCAPS">
            <summary>
            Bitblt capabilities
            </summary>
        </member>
        <member name="F:FlexSystem.Rpt.FormatLoader.DeviceCap.ASPECTX">
            <summary>
            Length of the X leg
            </summary>
        </member>
        <member name="F:FlexSystem.Rpt.FormatLoader.DeviceCap.ASPECTY">
            <summary>
            Length of the Y leg
            </summary>
        </member>
        <member name="F:FlexSystem.Rpt.FormatLoader.DeviceCap.ASPECTXY">
            <summary>
            Length of the hypotenuse
            </summary>
        </member>
        <member name="F:FlexSystem.Rpt.FormatLoader.DeviceCap.SHADEBLENDCAPS">
            <summary>
            Shading and Blending caps
            </summary>
        </member>
        <member name="F:FlexSystem.Rpt.FormatLoader.DeviceCap.LOGPIXELSX">
            <summary>
            Logical pixels inch in X
            </summary>
        </member>
        <member name="F:FlexSystem.Rpt.FormatLoader.DeviceCap.LOGPIXELSY">
            <summary>
            Logical pixels inch in Y
            </summary>
        </member>
        <member name="F:FlexSystem.Rpt.FormatLoader.DeviceCap.SIZEPALETTE">
            <summary>
            Number of entries in physical palette
            </summary>
        </member>
        <member name="F:FlexSystem.Rpt.FormatLoader.DeviceCap.NUMRESERVED">
            <summary>
            Number of reserved entries in palette
            </summary>
        </member>
        <member name="F:FlexSystem.Rpt.FormatLoader.DeviceCap.COLORRES">
            <summary>
            Actual color resolution
            </summary>
        </member>
        <member name="F:FlexSystem.Rpt.FormatLoader.DeviceCap.PHYSICALWIDTH">
            <summary>
            Physical Width in device units
            </summary>
        </member>
        <member name="F:FlexSystem.Rpt.FormatLoader.DeviceCap.PHYSICALHEIGHT">
            <summary>
            Physical Height in device units
            </summary>
        </member>
        <member name="F:FlexSystem.Rpt.FormatLoader.DeviceCap.PHYSICALOFFSETX">
            <summary>
            Physical Printable Area x margin
            </summary>
        </member>
        <member name="F:FlexSystem.Rpt.FormatLoader.DeviceCap.PHYSICALOFFSETY">
            <summary>
            Physical Printable Area y margin
            </summary>
        </member>
        <member name="F:FlexSystem.Rpt.FormatLoader.DeviceCap.SCALINGFACTORX">
            <summary>
            Scaling factor x
            </summary>
        </member>
        <member name="F:FlexSystem.Rpt.FormatLoader.DeviceCap.SCALINGFACTORY">
            <summary>
            Scaling factor y
            </summary>
        </member>
        <member name="F:FlexSystem.Rpt.FormatLoader.DeviceCap.VREFRESH">
            <summary>
            Current vertical refresh rate of the display device (for displays only) in Hz
            </summary>
        </member>
        <member name="F:FlexSystem.Rpt.FormatLoader.DeviceCap.DESKTOPVERTRES">
            <summary>
            Horizontal width of entire desktop in pixels
            </summary>
        </member>
        <member name="F:FlexSystem.Rpt.FormatLoader.DeviceCap.DESKTOPHORZRES">
            <summary>
            Vertical height of entire desktop in pixels
            </summary>
        </member>
        <member name="F:FlexSystem.Rpt.FormatLoader.DeviceCap.BLTALIGNMENT">
            <summary>
            Preferred blt alignment
            </summary>
        </member>
        <member name="M:FlexSystem.Rpt.RptResourceProvider.Dispose">
            <summary>
            Releases all resources used by the AppBase.
            </summary>
        </member>
    </members>
</doc>
