﻿<?xml version="1.0" encoding="utf-8"?><FlexDBManager version="1.0" date="20120727172034"><cached_tables><table id="[WT] EncryptedDB..STFH_RC4"><memory>262</memory><using_count>0</using_count><tablehandle>25544140</tablehandle></table></cached_tables><connection><con id="5"><ip>202.82.52.83</ip><connect_time>20120727045037</connect_time><type>TCP/IP</type><process_name>FlexDBManager</process_name><process_id>4584</process_id><computer_name>4CORE</computer_name><user_name>flex.FlexDBManager.exe  *Enhance_V2 *Classic *SingleThread</user_name></con></connection><memory><os><avail_page_file description="Size of available memory to commit, available of paging file ( bytes )">8458616</avail_page_file><avail_page_file>8458616</avail_page_file><avail_phys>5688088</avail_phys><avail_virtual>8388051</avail_virtual><memory_load>32</memory_load><total_page_file>10295968</total_page_file><total_phys>8387388</total_phys><total_virtual>8388607</total_virtual></os></memory></FlexDBManager>